Job started at: Tue Jan 27 10:57:19 CET 2026
Running on node: t0031
Job ID: 2405108
Tue Jan 27 10:57:19 2026       
+-----------------------------------------------------------------------------------------+
| NVIDIA-SMI 570.195.03             Driver Version: 570.195.03     CUDA Version: 12.8     |
|-----------------------------------------+------------------------+----------------------+
| GPU  Name                 Persistence-M | Bus-Id          Disp.A | Volatile Uncorr. ECC |
| Fan  Temp   Perf          Pwr:Usage/Cap |           Memory-Usage | GPU-Util  Compute M. |
|                                         |                        |               MIG M. |
|=========================================+========================+======================|
|   0  NVIDIA A100-SXM4-40GB          On  |   00000000:0A:00.0 Off |                    0 |
| N/A   24C    P0             49W /  400W |       0MiB /  40960MiB |      0%      Default |
|                                         |                        |             Disabled |
+-----------------------------------------+------------------------+----------------------+
                                                                                         
+-----------------------------------------------------------------------------------------+
| Processes:                                                                              |
|  GPU   GI   CI              PID   Type   Process name                        GPU Memory |
|        ID   ID                                                               Usage      |
|=========================================================================================|
|  No running processes found                                                             |
+-----------------------------------------------------------------------------------------+
[INFO] Using GPU: NVIDIA A100-SXM4-40GB
[INFO] GPU Memory: 42.60 GB

============================================================
TRAINING CONFIGURATION
============================================================
Train folds: [1]
Validation fold: [5]
Epochs: 10
Batch size: 32
Learning rate: 0.005
Output directory: output
============================================================

[INFO] Creating DALI data loaders...
[INFO] DALIBoxingLoader initialized with 51414 images from folds [1]
[INFO] Number of classes: 8
[INFO] DALIBoxingLoader initialized with 57293 images from folds [5]
[INFO] Number of classes: 8
[INFO] Creating model...

[INFO] Starting training from epoch 0 to 10
[INFO] TensorBoard logs at: output/runs/20260127_105732

============================================================
EPOCH 1/10
============================================================
Epoch [0] Batch [0/1607] Loss: 2.5701 LR: 0.005000 Time: 3.9s
Epoch [0] Batch [10/1607] Loss: 0.0489 LR: 0.005000 Time: 18.2s
Epoch [0] Batch [20/1607] Loss: 0.1807 LR: 0.005000 Time: 36.1s
Epoch [0] Batch [30/1607] Loss: 0.0051 LR: 0.005000 Time: 54.1s
Epoch [0] Batch [40/1607] Loss: 0.0029 LR: 0.005000 Time: 72.1s
Epoch [0] Batch [50/1607] Loss: 0.0205 LR: 0.005000 Time: 90.1s
Epoch [0] Batch [60/1607] Loss: 0.0535 LR: 0.005000 Time: 108.1s
Epoch [0] Batch [70/1607] Loss: 0.0442 LR: 0.005000 Time: 126.1s
Epoch [0] Batch [80/1607] Loss: 0.0083 LR: 0.005000 Time: 144.2s
Epoch [0] Batch [90/1607] Loss: 0.0306 LR: 0.005000 Time: 162.2s
Epoch [0] Batch [100/1607] Loss: 0.0124 LR: 0.005000 Time: 180.2s
Epoch [0] Batch [110/1607] Loss: 0.0300 LR: 0.005000 Time: 198.3s
Epoch [0] Batch [120/1607] Loss: 0.0116 LR: 0.005000 Time: 216.3s
Epoch [0] Batch [130/1607] Loss: 0.0360 LR: 0.005000 Time: 234.3s
Epoch [0] Batch [140/1607] Loss: 0.0516 LR: 0.005000 Time: 252.3s
Epoch [0] Batch [150/1607] Loss: 0.0565 LR: 0.005000 Time: 270.5s
Epoch [0] Batch [160/1607] Loss: 0.0138 LR: 0.005000 Time: 288.5s
Epoch [0] Batch [170/1607] Loss: 0.0128 LR: 0.005000 Time: 306.5s
Epoch [0] Batch [180/1607] Loss: 0.0275 LR: 0.005000 Time: 324.5s
Epoch [0] Batch [190/1607] Loss: 0.0396 LR: 0.005000 Time: 342.6s
Epoch [0] Batch [200/1607] Loss: 0.0308 LR: 0.005000 Time: 360.7s
Epoch [0] Batch [210/1607] Loss: 0.0119 LR: 0.005000 Time: 378.8s
Epoch [0] Batch [220/1607] Loss: 0.0099 LR: 0.005000 Time: 396.8s
Epoch [0] Batch [230/1607] Loss: 0.0296 LR: 0.005000 Time: 414.9s
Epoch [0] Batch [240/1607] Loss: 0.0310 LR: 0.005000 Time: 432.9s
Epoch [0] Batch [250/1607] Loss: 0.0190 LR: 0.005000 Time: 451.0s
Epoch [0] Batch [260/1607] Loss: 0.0021 LR: 0.005000 Time: 469.1s
Epoch [0] Batch [270/1607] Loss: 0.0273 LR: 0.005000 Time: 488.2s
Epoch [0] Batch [280/1607] Loss: 0.0194 LR: 0.005000 Time: 506.3s
Epoch [0] Batch [290/1607] Loss: 0.0364 LR: 0.005000 Time: 524.4s
Epoch [0] Batch [300/1607] Loss: 0.0406 LR: 0.005000 Time: 542.5s
Epoch [0] Batch [310/1607] Loss: 0.0186 LR: 0.005000 Time: 560.5s
Epoch [0] Batch [320/1607] Loss: 0.0410 LR: 0.005000 Time: 578.5s
Epoch [0] Batch [330/1607] Loss: 0.0246 LR: 0.005000 Time: 596.5s
Epoch [0] Batch [340/1607] Loss: 0.0009 LR: 0.005000 Time: 614.5s
Epoch [0] Batch [350/1607] Loss: 0.0479 LR: 0.005000 Time: 632.5s
Epoch [0] Batch [360/1607] Loss: 0.0163 LR: 0.005000 Time: 650.5s
Epoch [0] Batch [370/1607] Loss: 0.0294 LR: 0.005000 Time: 668.5s
Epoch [0] Batch [380/1607] Loss: 0.0005 LR: 0.005000 Time: 686.5s
Epoch [0] Batch [390/1607] Loss: 0.0354 LR: 0.005000 Time: 704.5s
Epoch [0] Batch [400/1607] Loss: 0.0158 LR: 0.005000 Time: 722.5s
Epoch [0] Batch [410/1607] Loss: 0.0028 LR: 0.005000 Time: 740.5s
Epoch [0] Batch [420/1607] Loss: 0.0112 LR: 0.005000 Time: 758.7s
Epoch [0] Batch [430/1607] Loss: 0.0314 LR: 0.005000 Time: 776.7s
Epoch [0] Batch [440/1607] Loss: 0.0091 LR: 0.005000 Time: 794.7s
Epoch [0] Batch [450/1607] Loss: 0.0103 LR: 0.005000 Time: 812.7s
Epoch [0] Batch [460/1607] Loss: 0.0131 LR: 0.005000 Time: 830.7s
Epoch [0] Batch [470/1607] Loss: 0.0180 LR: 0.005000 Time: 848.7s
Epoch [0] Batch [480/1607] Loss: 0.0149 LR: 0.005000 Time: 866.7s
Epoch [0] Batch [490/1607] Loss: 0.0332 LR: 0.005000 Time: 884.7s
Epoch [0] Batch [500/1607] Loss: 0.0347 LR: 0.005000 Time: 902.7s
Epoch [0] Batch [510/1607] Loss: 0.0646 LR: 0.005000 Time: 920.7s
Epoch [0] Batch [520/1607] Loss: 0.0212 LR: 0.005000 Time: 938.8s
Epoch [0] Batch [530/1607] Loss: 0.0010 LR: 0.005000 Time: 956.8s
Epoch [0] Batch [540/1607] Loss: 0.0396 LR: 0.005000 Time: 974.8s
Epoch [0] Batch [550/1607] Loss: 0.0322 LR: 0.005000 Time: 992.8s
Epoch [0] Batch [560/1607] Loss: 0.0173 LR: 0.005000 Time: 1010.9s
Epoch [0] Batch [570/1607] Loss: 0.0220 LR: 0.005000 Time: 1028.9s
Epoch [0] Batch [580/1607] Loss: 0.0118 LR: 0.005000 Time: 1046.9s
Epoch [0] Batch [590/1607] Loss: 0.0126 LR: 0.005000 Time: 1064.9s
Epoch [0] Batch [600/1607] Loss: 0.0342 LR: 0.005000 Time: 1083.0s
Epoch [0] Batch [610/1607] Loss: 0.0170 LR: 0.005000 Time: 1101.0s
Epoch [0] Batch [620/1607] Loss: 0.0212 LR: 0.005000 Time: 1119.0s
Epoch [0] Batch [630/1607] Loss: 0.0496 LR: 0.005000 Time: 1137.0s
Epoch [0] Batch [640/1607] Loss: 0.0079 LR: 0.005000 Time: 1154.9s
Epoch [0] Batch [650/1607] Loss: 0.0241 LR: 0.005000 Time: 1172.9s
Epoch [0] Batch [660/1607] Loss: 0.0686 LR: 0.005000 Time: 1190.9s
Epoch [0] Batch [670/1607] Loss: 0.0208 LR: 0.005000 Time: 1208.8s
Epoch [0] Batch [680/1607] Loss: 0.0258 LR: 0.005000 Time: 1226.8s
Epoch [0] Batch [690/1607] Loss: 0.0244 LR: 0.005000 Time: 1244.7s
Epoch [0] Batch [700/1607] Loss: 0.0064 LR: 0.005000 Time: 1262.6s
Epoch [0] Batch [710/1607] Loss: 0.0249 LR: 0.005000 Time: 1280.6s
Epoch [0] Batch [720/1607] Loss: 0.0035 LR: 0.005000 Time: 1298.8s
Epoch [0] Batch [730/1607] Loss: 0.0177 LR: 0.005000 Time: 1317.2s
Epoch [0] Batch [740/1607] Loss: 0.0111 LR: 0.005000 Time: 1335.5s
Epoch [0] Batch [750/1607] Loss: 0.0209 LR: 0.005000 Time: 1353.6s
Epoch [0] Batch [760/1607] Loss: 0.0160 LR: 0.005000 Time: 1371.6s
Epoch [0] Batch [770/1607] Loss: 0.0444 LR: 0.005000 Time: 1389.5s
Epoch [0] Batch [780/1607] Loss: 0.0149 LR: 0.005000 Time: 1407.4s
Epoch [0] Batch [790/1607] Loss: 0.0013 LR: 0.005000 Time: 1425.4s
Epoch [0] Batch [800/1607] Loss: 0.0276 LR: 0.005000 Time: 1443.3s
Epoch [0] Batch [810/1607] Loss: 0.0080 LR: 0.005000 Time: 1461.2s
Epoch [0] Batch [820/1607] Loss: 0.0642 LR: 0.005000 Time: 1479.1s
Epoch [0] Batch [830/1607] Loss: 0.0278 LR: 0.005000 Time: 1497.0s
Epoch [0] Batch [840/1607] Loss: 0.0127 LR: 0.005000 Time: 1515.3s
Epoch [0] Batch [850/1607] Loss: 0.0124 LR: 0.005000 Time: 1533.6s
Epoch [0] Batch [860/1607] Loss: 0.0032 LR: 0.005000 Time: 1551.6s
Epoch [0] Batch [870/1607] Loss: 0.0011 LR: 0.005000 Time: 1569.5s
Epoch [0] Batch [880/1607] Loss: 0.0249 LR: 0.005000 Time: 1587.4s
Epoch [0] Batch [890/1607] Loss: 0.0348 LR: 0.005000 Time: 1605.3s
Epoch [0] Batch [900/1607] Loss: 0.0436 LR: 0.005000 Time: 1623.3s
Epoch [0] Batch [910/1607] Loss: 0.0161 LR: 0.005000 Time: 1641.2s
Epoch [0] Batch [920/1607] Loss: 0.0224 LR: 0.005000 Time: 1659.1s
Epoch [0] Batch [930/1607] Loss: 0.0125 LR: 0.005000 Time: 1677.0s
Epoch [0] Batch [940/1607] Loss: 0.0178 LR: 0.005000 Time: 1695.1s
Epoch [0] Batch [950/1607] Loss: 0.0038 LR: 0.005000 Time: 1713.5s
Epoch [0] Batch [960/1607] Loss: 0.0031 LR: 0.005000 Time: 1731.8s
Epoch [0] Batch [970/1607] Loss: 0.0379 LR: 0.005000 Time: 1749.7s
Epoch [0] Batch [980/1607] Loss: 0.0387 LR: 0.005000 Time: 1767.6s
Epoch [0] Batch [990/1607] Loss: 0.0020 LR: 0.005000 Time: 1785.5s
Epoch [0] Batch [1000/1607] Loss: 0.0266 LR: 0.005000 Time: 1803.4s
Epoch [0] Batch [1010/1607] Loss: 0.0010 LR: 0.005000 Time: 1821.3s
Epoch [0] Batch [1020/1607] Loss: 0.0224 LR: 0.005000 Time: 1839.3s
Epoch [0] Batch [1030/1607] Loss: 0.0108 LR: 0.005000 Time: 1857.4s
Epoch [0] Batch [1040/1607] Loss: 0.0110 LR: 0.005000 Time: 1875.4s
Epoch [0] Batch [1050/1607] Loss: 0.0013 LR: 0.005000 Time: 1893.3s
Epoch [0] Batch [1060/1607] Loss: 0.0229 LR: 0.005000 Time: 1911.2s
Epoch [0] Batch [1070/1607] Loss: 0.0122 LR: 0.005000 Time: 1929.4s
Epoch [0] Batch [1080/1607] Loss: 0.0504 LR: 0.005000 Time: 1947.6s
Epoch [0] Batch [1090/1607] Loss: 0.0349 LR: 0.005000 Time: 1965.7s
Epoch [0] Batch [1100/1607] Loss: 0.0496 LR: 0.005000 Time: 1983.6s
Epoch [0] Batch [1110/1607] Loss: 0.0181 LR: 0.005000 Time: 2001.6s
Epoch [0] Batch [1120/1607] Loss: 0.0231 LR: 0.005000 Time: 2019.6s
Epoch [0] Batch [1130/1607] Loss: 0.0028 LR: 0.005000 Time: 2037.5s
Epoch [0] Batch [1140/1607] Loss: 0.0293 LR: 0.005000 Time: 2055.4s
Epoch [0] Batch [1150/1607] Loss: 0.0363 LR: 0.005000 Time: 2073.5s
Epoch [0] Batch [1160/1607] Loss: 0.0289 LR: 0.005000 Time: 2091.9s
Epoch [0] Batch [1170/1607] Loss: 0.0281 LR: 0.005000 Time: 2110.0s
Epoch [0] Batch [1180/1607] Loss: 0.0266 LR: 0.005000 Time: 2127.9s
Epoch [0] Batch [1190/1607] Loss: 0.0517 LR: 0.005000 Time: 2145.8s
Epoch [0] Batch [1200/1607] Loss: 0.0267 LR: 0.005000 Time: 2163.7s
Epoch [0] Batch [1210/1607] Loss: 0.0133 LR: 0.005000 Time: 2181.7s
Epoch [0] Batch [1220/1607] Loss: 0.0188 LR: 0.005000 Time: 2199.6s
Epoch [0] Batch [1230/1607] Loss: 0.0211 LR: 0.005000 Time: 2217.5s
Epoch [0] Batch [1240/1607] Loss: 0.0530 LR: 0.005000 Time: 2235.4s
Epoch [0] Batch [1250/1607] Loss: 0.0211 LR: 0.005000 Time: 2253.4s
Epoch [0] Batch [1260/1607] Loss: 0.0195 LR: 0.005000 Time: 2271.8s
Epoch [0] Batch [1270/1607] Loss: 0.0298 LR: 0.005000 Time: 2289.8s
Epoch [0] Batch [1280/1607] Loss: 0.0199 LR: 0.005000 Time: 2307.8s
Epoch [0] Batch [1290/1607] Loss: 0.0270 LR: 0.005000 Time: 2325.7s
Epoch [0] Batch [1300/1607] Loss: 0.0095 LR: 0.005000 Time: 2343.6s
Epoch [0] Batch [1310/1607] Loss: 0.0253 LR: 0.005000 Time: 2361.5s
Epoch [0] Batch [1320/1607] Loss: 0.0253 LR: 0.005000 Time: 2379.4s
Epoch [0] Batch [1330/1607] Loss: 0.0049 LR: 0.005000 Time: 2397.5s
Epoch [0] Batch [1340/1607] Loss: 0.0239 LR: 0.005000 Time: 2415.8s
Epoch [0] Batch [1350/1607] Loss: 0.0096 LR: 0.005000 Time: 2434.1s
Epoch [0] Batch [1360/1607] Loss: 0.0012 LR: 0.005000 Time: 2452.0s
Epoch [0] Batch [1370/1607] Loss: 0.0447 LR: 0.005000 Time: 2469.9s
Epoch [0] Batch [1380/1607] Loss: 0.0382 LR: 0.005000 Time: 2487.7s
Epoch [0] Batch [1390/1607] Loss: 0.0020 LR: 0.005000 Time: 2505.7s
Epoch [0] Batch [1400/1607] Loss: 0.0227 LR: 0.005000 Time: 2523.6s
Epoch [0] Batch [1410/1607] Loss: 0.0300 LR: 0.005000 Time: 2541.6s
Epoch [0] Batch [1420/1607] Loss: 0.0044 LR: 0.005000 Time: 2559.7s
Epoch [0] Batch [1430/1607] Loss: 0.0425 LR: 0.005000 Time: 2577.7s
Epoch [0] Batch [1440/1607] Loss: 0.0248 LR: 0.005000 Time: 2595.7s
Epoch [0] Batch [1450/1607] Loss: 0.0493 LR: 0.005000 Time: 2613.6s
Epoch [0] Batch [1460/1607] Loss: 0.0266 LR: 0.005000 Time: 2631.6s
Epoch [0] Batch [1470/1607] Loss: 0.0403 LR: 0.005000 Time: 2649.6s
Epoch [0] Batch [1480/1607] Loss: 0.0428 LR: 0.005000 Time: 2667.5s
Epoch [0] Batch [1490/1607] Loss: 0.0148 LR: 0.005000 Time: 2685.4s
Epoch [0] Batch [1500/1607] Loss: 0.0379 LR: 0.005000 Time: 2703.3s
Epoch [0] Batch [1510/1607] Loss: 0.0341 LR: 0.005000 Time: 2721.2s
Epoch [0] Batch [1520/1607] Loss: 0.0467 LR: 0.005000 Time: 2739.1s
Epoch [0] Batch [1530/1607] Loss: 0.0010 LR: 0.005000 Time: 2757.6s
Epoch [0] Batch [1540/1607] Loss: 0.0180 LR: 0.005000 Time: 2776.0s
Epoch [0] Batch [1550/1607] Loss: 0.0452 LR: 0.005000 Time: 2794.0s
Epoch [0] Batch [1560/1607] Loss: 0.0118 LR: 0.005000 Time: 2812.0s
Epoch [0] Batch [1570/1607] Loss: 0.0117 LR: 0.005000 Time: 2829.9s
Epoch [0] Batch [1580/1607] Loss: 0.0201 LR: 0.005000 Time: 2847.8s
Epoch [0] Batch [1590/1607] Loss: 0.0076 LR: 0.005000 Time: 2865.7s
Epoch [0] Batch [1600/1607] Loss: 0.0013 LR: 0.005000 Time: 2883.6s
[INFO] Saved checkpoint: output/checkpoint_epoch_0.pth
[INFO] Saved best checkpoint: output/checkpoint_best.pth

============================================================
EPOCH 2/10
============================================================
Epoch [1] Batch [0/1607] Loss: 0.0478 LR: 0.005000 Time: 2.0s
Epoch [1] Batch [10/1607] Loss: 0.0116 LR: 0.005000 Time: 20.3s
Epoch [1] Batch [20/1607] Loss: 0.0181 LR: 0.005000 Time: 38.6s
Epoch [1] Batch [30/1607] Loss: 0.0020 LR: 0.005000 Time: 56.9s
Epoch [1] Batch [40/1607] Loss: 0.0321 LR: 0.005000 Time: 75.3s
Epoch [1] Batch [50/1607] Loss: 0.0290 LR: 0.005000 Time: 93.6s
Epoch [1] Batch [60/1607] Loss: 0.0345 LR: 0.005000 Time: 111.9s
Epoch [1] Batch [70/1607] Loss: 0.0169 LR: 0.005000 Time: 130.1s
Epoch [1] Batch [80/1607] Loss: 0.0083 LR: 0.005000 Time: 148.4s
Epoch [1] Batch [90/1607] Loss: 0.0204 LR: 0.005000 Time: 166.8s
Epoch [1] Batch [100/1607] Loss: 0.0321 LR: 0.005000 Time: 185.3s
Epoch [1] Batch [110/1607] Loss: 0.0171 LR: 0.005000 Time: 203.8s
Epoch [1] Batch [120/1607] Loss: 0.0443 LR: 0.005000 Time: 222.2s
Epoch [1] Batch [130/1607] Loss: 0.0036 LR: 0.005000 Time: 240.6s
Epoch [1] Batch [140/1607] Loss: 0.0255 LR: 0.005000 Time: 259.0s
Epoch [1] Batch [150/1607] Loss: 0.0290 LR: 0.005000 Time: 277.3s
Epoch [1] Batch [160/1607] Loss: 0.0590 LR: 0.005000 Time: 295.6s
Epoch [1] Batch [170/1607] Loss: 0.0364 LR: 0.005000 Time: 314.0s
Epoch [1] Batch [180/1607] Loss: 0.0491 LR: 0.005000 Time: 333.1s
Epoch [1] Batch [190/1607] Loss: 0.0393 LR: 0.005000 Time: 351.6s
Epoch [1] Batch [200/1607] Loss: 0.0317 LR: 0.005000 Time: 370.0s
Epoch [1] Batch [210/1607] Loss: 0.0014 LR: 0.005000 Time: 388.3s
Epoch [1] Batch [220/1607] Loss: 0.0041 LR: 0.005000 Time: 406.6s
Epoch [1] Batch [230/1607] Loss: 0.0011 LR: 0.005000 Time: 424.9s
Epoch [1] Batch [240/1607] Loss: 0.0024 LR: 0.005000 Time: 443.2s
Epoch [1] Batch [250/1607] Loss: 0.0370 LR: 0.005000 Time: 461.7s
Epoch [1] Batch [260/1607] Loss: 0.0171 LR: 0.005000 Time: 480.0s
Epoch [1] Batch [270/1607] Loss: 0.0358 LR: 0.005000 Time: 498.3s
Epoch [1] Batch [280/1607] Loss: 0.0620 LR: 0.005000 Time: 516.7s
Epoch [1] Batch [290/1607] Loss: 0.0318 LR: 0.005000 Time: 535.0s
Epoch [1] Batch [300/1607] Loss: 0.0402 LR: 0.005000 Time: 553.3s
Epoch [1] Batch [310/1607] Loss: 0.0298 LR: 0.005000 Time: 571.6s
Epoch [1] Batch [320/1607] Loss: 0.0184 LR: 0.005000 Time: 589.9s
Epoch [1] Batch [330/1607] Loss: 0.0495 LR: 0.005000 Time: 608.3s
Epoch [1] Batch [340/1607] Loss: 0.0184 LR: 0.005000 Time: 626.6s
Epoch [1] Batch [350/1607] Loss: 0.0131 LR: 0.005000 Time: 645.0s
Epoch [1] Batch [360/1607] Loss: 0.0150 LR: 0.005000 Time: 663.4s
Epoch [1] Batch [370/1607] Loss: 0.0266 LR: 0.005000 Time: 681.7s
Epoch [1] Batch [380/1607] Loss: 0.0107 LR: 0.005000 Time: 700.0s
Epoch [1] Batch [390/1607] Loss: 0.0008 LR: 0.005000 Time: 718.4s
Epoch [1] Batch [400/1607] Loss: 0.0026 LR: 0.005000 Time: 736.6s
Epoch [1] Batch [410/1607] Loss: 0.0093 LR: 0.005000 Time: 754.9s
Epoch [1] Batch [420/1607] Loss: 0.0028 LR: 0.005000 Time: 773.3s
Epoch [1] Batch [430/1607] Loss: 0.0614 LR: 0.005000 Time: 791.6s
Epoch [1] Batch [440/1607] Loss: 0.0166 LR: 0.005000 Time: 810.0s
Epoch [1] Batch [450/1607] Loss: 0.0443 LR: 0.005000 Time: 828.3s
Epoch [1] Batch [460/1607] Loss: 0.0430 LR: 0.005000 Time: 846.7s
Epoch [1] Batch [470/1607] Loss: 0.0214 LR: 0.005000 Time: 864.9s
Epoch [1] Batch [480/1607] Loss: 0.0188 LR: 0.005000 Time: 883.2s
Epoch [1] Batch [490/1607] Loss: 0.0424 LR: 0.005000 Time: 901.5s
Epoch [1] Batch [500/1607] Loss: 0.0209 LR: 0.005000 Time: 919.8s
Epoch [1] Batch [510/1607] Loss: 0.0291 LR: 0.005000 Time: 938.1s
Epoch [1] Batch [520/1607] Loss: 0.0194 LR: 0.005000 Time: 956.5s
Epoch [1] Batch [530/1607] Loss: 0.0164 LR: 0.005000 Time: 974.8s
Epoch [1] Batch [540/1607] Loss: 0.0215 LR: 0.005000 Time: 993.1s
Epoch [1] Batch [550/1607] Loss: 0.0120 LR: 0.005000 Time: 1011.5s
Epoch [1] Batch [560/1607] Loss: 0.0020 LR: 0.005000 Time: 1029.8s
Epoch [1] Batch [570/1607] Loss: 0.0404 LR: 0.005000 Time: 1048.1s
Epoch [1] Batch [580/1607] Loss: 0.0157 LR: 0.005000 Time: 1066.5s
Epoch [1] Batch [590/1607] Loss: 0.0199 LR: 0.005000 Time: 1084.8s
Epoch [1] Batch [600/1607] Loss: 0.0033 LR: 0.005000 Time: 1103.2s
Epoch [1] Batch [610/1607] Loss: 0.0323 LR: 0.005000 Time: 1121.5s
Epoch [1] Batch [620/1607] Loss: 0.0137 LR: 0.005000 Time: 1139.9s
Epoch [1] Batch [630/1607] Loss: 0.0268 LR: 0.005000 Time: 1158.2s
Epoch [1] Batch [640/1607] Loss: 0.0022 LR: 0.005000 Time: 1176.5s
Epoch [1] Batch [650/1607] Loss: 0.0140 LR: 0.005000 Time: 1194.8s
Epoch [1] Batch [660/1607] Loss: 0.0119 LR: 0.005000 Time: 1213.2s
Epoch [1] Batch [670/1607] Loss: 0.0507 LR: 0.005000 Time: 1231.5s
Epoch [1] Batch [680/1607] Loss: 0.0031 LR: 0.005000 Time: 1249.9s
Epoch [1] Batch [690/1607] Loss: 0.0475 LR: 0.005000 Time: 1268.3s
Epoch [1] Batch [700/1607] Loss: 0.0327 LR: 0.005000 Time: 1286.6s
Epoch [1] Batch [710/1607] Loss: 0.0380 LR: 0.005000 Time: 1304.9s
Epoch [1] Batch [720/1607] Loss: 0.0179 LR: 0.005000 Time: 1323.3s
Epoch [1] Batch [730/1607] Loss: 0.0136 LR: 0.005000 Time: 1341.6s
Epoch [1] Batch [740/1607] Loss: 0.0024 LR: 0.005000 Time: 1360.0s
Epoch [1] Batch [750/1607] Loss: 0.0178 LR: 0.005000 Time: 1378.6s
Epoch [1] Batch [760/1607] Loss: 0.0672 LR: 0.005000 Time: 1397.0s
Epoch [1] Batch [770/1607] Loss: 0.0036 LR: 0.005000 Time: 1415.3s
Epoch [1] Batch [780/1607] Loss: 0.0289 LR: 0.005000 Time: 1433.7s
Epoch [1] Batch [790/1607] Loss: 0.0309 LR: 0.005000 Time: 1452.0s
Epoch [1] Batch [800/1607] Loss: 0.0508 LR: 0.005000 Time: 1470.3s
Epoch [1] Batch [810/1607] Loss: 0.0112 LR: 0.005000 Time: 1488.6s
Epoch [1] Batch [820/1607] Loss: 0.0307 LR: 0.005000 Time: 1506.9s
Epoch [1] Batch [830/1607] Loss: 0.0190 LR: 0.005000 Time: 1525.3s
Epoch [1] Batch [840/1607] Loss: 0.0430 LR: 0.005000 Time: 1543.7s
Epoch [1] Batch [850/1607] Loss: 0.0305 LR: 0.005000 Time: 1562.0s
Epoch [1] Batch [860/1607] Loss: 0.0080 LR: 0.005000 Time: 1580.3s
Epoch [1] Batch [870/1607] Loss: 0.0315 LR: 0.005000 Time: 1598.6s
Epoch [1] Batch [880/1607] Loss: 0.0382 LR: 0.005000 Time: 1616.9s
Epoch [1] Batch [890/1607] Loss: 0.0234 LR: 0.005000 Time: 1635.2s
Epoch [1] Batch [900/1607] Loss: 0.0392 LR: 0.005000 Time: 1653.7s
Epoch [1] Batch [910/1607] Loss: 0.0360 LR: 0.005000 Time: 1672.0s
Epoch [1] Batch [920/1607] Loss: 0.0126 LR: 0.005000 Time: 1690.3s
Epoch [1] Batch [930/1607] Loss: 0.0536 LR: 0.005000 Time: 1709.1s
Epoch [1] Batch [940/1607] Loss: 0.0348 LR: 0.005000 Time: 1727.4s
Epoch [1] Batch [950/1607] Loss: 0.0434 LR: 0.005000 Time: 1745.7s
Epoch [1] Batch [960/1607] Loss: 0.0359 LR: 0.005000 Time: 1763.9s
Epoch [1] Batch [970/1607] Loss: 0.0546 LR: 0.005000 Time: 1782.4s
Epoch [1] Batch [980/1607] Loss: 0.0443 LR: 0.005000 Time: 1800.6s
Epoch [1] Batch [990/1607] Loss: 0.0407 LR: 0.005000 Time: 1818.9s
Epoch [1] Batch [1000/1607] Loss: 0.0087 LR: 0.005000 Time: 1837.2s
Epoch [1] Batch [1010/1607] Loss: 0.0083 LR: 0.005000 Time: 1855.5s
Epoch [1] Batch [1020/1607] Loss: 0.0331 LR: 0.005000 Time: 1873.8s
Epoch [1] Batch [1030/1607] Loss: 0.0198 LR: 0.005000 Time: 1892.2s
Epoch [1] Batch [1040/1607] Loss: 0.0109 LR: 0.005000 Time: 1910.5s
Epoch [1] Batch [1050/1607] Loss: 0.0384 LR: 0.005000 Time: 1928.7s
Epoch [1] Batch [1060/1607] Loss: 0.0202 LR: 0.005000 Time: 1947.0s
Epoch [1] Batch [1070/1607] Loss: 0.0231 LR: 0.005000 Time: 1965.3s
Epoch [1] Batch [1080/1607] Loss: 0.0149 LR: 0.005000 Time: 1983.6s
Epoch [1] Batch [1090/1607] Loss: 0.0023 LR: 0.005000 Time: 2001.9s
Epoch [1] Batch [1100/1607] Loss: 0.0171 LR: 0.005000 Time: 2020.2s
Epoch [1] Batch [1110/1607] Loss: 0.0151 LR: 0.005000 Time: 2038.5s
Epoch [1] Batch [1120/1607] Loss: 0.0209 LR: 0.005000 Time: 2056.8s
Epoch [1] Batch [1130/1607] Loss: 0.0184 LR: 0.005000 Time: 2075.2s
Epoch [1] Batch [1140/1607] Loss: 0.0457 LR: 0.005000 Time: 2093.5s
Epoch [1] Batch [1150/1607] Loss: 0.0249 LR: 0.005000 Time: 2111.8s
Epoch [1] Batch [1160/1607] Loss: 0.0090 LR: 0.005000 Time: 2130.2s
Epoch [1] Batch [1170/1607] Loss: 0.0240 LR: 0.005000 Time: 2148.5s
Epoch [1] Batch [1180/1607] Loss: 0.0383 LR: 0.005000 Time: 2166.8s
Epoch [1] Batch [1190/1607] Loss: 0.0474 LR: 0.005000 Time: 2185.2s
Epoch [1] Batch [1200/1607] Loss: 0.0200 LR: 0.005000 Time: 2203.6s
Epoch [1] Batch [1210/1607] Loss: 0.0319 LR: 0.005000 Time: 2221.9s
Epoch [1] Batch [1220/1607] Loss: 0.0107 LR: 0.005000 Time: 2240.3s
Epoch [1] Batch [1230/1607] Loss: 0.0621 LR: 0.005000 Time: 2258.6s
Epoch [1] Batch [1240/1607] Loss: 0.0207 LR: 0.005000 Time: 2276.9s
Epoch [1] Batch [1250/1607] Loss: 0.0281 LR: 0.005000 Time: 2295.3s
Epoch [1] Batch [1260/1607] Loss: 0.0160 LR: 0.005000 Time: 2313.6s
Epoch [1] Batch [1270/1607] Loss: 0.0241 LR: 0.005000 Time: 2332.0s
Epoch [1] Batch [1280/1607] Loss: 0.0017 LR: 0.005000 Time: 2350.3s
Epoch [1] Batch [1290/1607] Loss: 0.0277 LR: 0.005000 Time: 2368.7s
Epoch [1] Batch [1300/1607] Loss: 0.0134 LR: 0.005000 Time: 2387.0s
Epoch [1] Batch [1310/1607] Loss: 0.0230 LR: 0.005000 Time: 2405.4s
Epoch [1] Batch [1320/1607] Loss: 0.0140 LR: 0.005000 Time: 2423.7s
Epoch [1] Batch [1330/1607] Loss: 0.0184 LR: 0.005000 Time: 2442.1s
Epoch [1] Batch [1340/1607] Loss: 0.0334 LR: 0.005000 Time: 2460.5s
Epoch [1] Batch [1350/1607] Loss: 0.0291 LR: 0.005000 Time: 2478.8s
Epoch [1] Batch [1360/1607] Loss: 0.0135 LR: 0.005000 Time: 2497.1s
Epoch [1] Batch [1370/1607] Loss: 0.0228 LR: 0.005000 Time: 2515.5s
Epoch [1] Batch [1380/1607] Loss: 0.0068 LR: 0.005000 Time: 2533.9s
Epoch [1] Batch [1390/1607] Loss: 0.0121 LR: 0.005000 Time: 2552.2s
Epoch [1] Batch [1400/1607] Loss: 0.0037 LR: 0.005000 Time: 2570.5s
Epoch [1] Batch [1410/1607] Loss: 0.0133 LR: 0.005000 Time: 2588.8s
Epoch [1] Batch [1420/1607] Loss: 0.0058 LR: 0.005000 Time: 2607.1s
Epoch [1] Batch [1430/1607] Loss: 0.0229 LR: 0.005000 Time: 2625.5s
Epoch [1] Batch [1440/1607] Loss: 0.0238 LR: 0.005000 Time: 2643.8s
Epoch [1] Batch [1450/1607] Loss: 0.0314 LR: 0.005000 Time: 2662.2s
Epoch [1] Batch [1460/1607] Loss: 0.0169 LR: 0.005000 Time: 2680.5s
Epoch [1] Batch [1470/1607] Loss: 0.0183 LR: 0.005000 Time: 2698.8s
Epoch [1] Batch [1480/1607] Loss: 0.0303 LR: 0.005000 Time: 2717.2s
Epoch [1] Batch [1490/1607] Loss: 0.0277 LR: 0.005000 Time: 2735.5s
Epoch [1] Batch [1500/1607] Loss: 0.0314 LR: 0.005000 Time: 2753.8s
Epoch [1] Batch [1510/1607] Loss: 0.0637 LR: 0.005000 Time: 2772.2s
Epoch [1] Batch [1520/1607] Loss: 0.0024 LR: 0.005000 Time: 2790.7s
Epoch [1] Batch [1530/1607] Loss: 0.0021 LR: 0.005000 Time: 2809.0s
Epoch [1] Batch [1540/1607] Loss: 0.0075 LR: 0.005000 Time: 2827.4s
Epoch [1] Batch [1550/1607] Loss: 0.0217 LR: 0.005000 Time: 2845.7s
Epoch [1] Batch [1560/1607] Loss: 0.0298 LR: 0.005000 Time: 2864.0s
Epoch [1] Batch [1570/1607] Loss: 0.0302 LR: 0.005000 Time: 2882.3s
Epoch [1] Batch [1580/1607] Loss: 0.0184 LR: 0.005000 Time: 2900.6s
Epoch [1] Batch [1590/1607] Loss: 0.0325 LR: 0.005000 Time: 2919.0s
Epoch [1] Batch [1600/1607] Loss: 0.0487 LR: 0.005000 Time: 2937.4s
[INFO] Saved checkpoint: output/checkpoint_epoch_1.pth
[INFO] Saved best checkpoint: output/checkpoint_best.pth

============================================================
EPOCH 3/10
============================================================
Epoch [2] Batch [0/1607] Loss: 0.0493 LR: 0.005000 Time: 2.0s
Epoch [2] Batch [10/1607] Loss: 0.0427 LR: 0.005000 Time: 20.3s
Epoch [2] Batch [20/1607] Loss: 0.0244 LR: 0.005000 Time: 38.6s
Epoch [2] Batch [30/1607] Loss: 0.0320 LR: 0.005000 Time: 56.9s
Epoch [2] Batch [40/1607] Loss: 0.0233 LR: 0.005000 Time: 75.2s
Epoch [2] Batch [50/1607] Loss: 0.0256 LR: 0.005000 Time: 93.5s
Epoch [2] Batch [60/1607] Loss: 0.0415 LR: 0.005000 Time: 112.3s
Epoch [2] Batch [70/1607] Loss: 0.0484 LR: 0.005000 Time: 130.6s
Epoch [2] Batch [80/1607] Loss: 0.0079 LR: 0.005000 Time: 148.9s
Epoch [2] Batch [90/1607] Loss: 0.0275 LR: 0.005000 Time: 167.3s
Epoch [2] Batch [100/1607] Loss: 0.0149 LR: 0.005000 Time: 185.6s
Epoch [2] Batch [110/1607] Loss: 0.0304 LR: 0.005000 Time: 203.9s
Epoch [2] Batch [120/1607] Loss: 0.0363 LR: 0.005000 Time: 222.2s
Epoch [2] Batch [130/1607] Loss: 0.0145 LR: 0.005000 Time: 240.5s
Epoch [2] Batch [140/1607] Loss: 0.0336 LR: 0.005000 Time: 258.8s
Epoch [2] Batch [150/1607] Loss: 0.0108 LR: 0.005000 Time: 277.1s
Epoch [2] Batch [160/1607] Loss: 0.0386 LR: 0.005000 Time: 295.4s
Epoch [2] Batch [170/1607] Loss: 0.0359 LR: 0.005000 Time: 313.8s
Epoch [2] Batch [180/1607] Loss: 0.0198 LR: 0.005000 Time: 332.2s
Epoch [2] Batch [190/1607] Loss: 0.0109 LR: 0.005000 Time: 350.5s
Epoch [2] Batch [200/1607] Loss: 0.0039 LR: 0.005000 Time: 368.9s
Epoch [2] Batch [210/1607] Loss: 0.0250 LR: 0.005000 Time: 387.2s
Epoch [2] Batch [220/1607] Loss: 0.0217 LR: 0.005000 Time: 405.6s
Epoch [2] Batch [230/1607] Loss: 0.0009 LR: 0.005000 Time: 424.0s
Epoch [2] Batch [240/1607] Loss: 0.0295 LR: 0.005000 Time: 442.3s
Epoch [2] Batch [250/1607] Loss: 0.0337 LR: 0.005000 Time: 460.8s
Epoch [2] Batch [260/1607] Loss: 0.0143 LR: 0.005000 Time: 479.2s
Epoch [2] Batch [270/1607] Loss: 0.0150 LR: 0.005000 Time: 497.6s
Epoch [2] Batch [280/1607] Loss: 0.0227 LR: 0.005000 Time: 516.0s
Epoch [2] Batch [290/1607] Loss: 0.0418 LR: 0.005000 Time: 534.3s
Epoch [2] Batch [300/1607] Loss: 0.0176 LR: 0.005000 Time: 552.6s
Epoch [2] Batch [310/1607] Loss: 0.0217 LR: 0.005000 Time: 570.9s
Epoch [2] Batch [320/1607] Loss: 0.0300 LR: 0.005000 Time: 589.2s
Epoch [2] Batch [330/1607] Loss: 0.0143 LR: 0.005000 Time: 607.5s
Epoch [2] Batch [340/1607] Loss: 0.0346 LR: 0.005000 Time: 625.9s
Epoch [2] Batch [350/1607] Loss: 0.0356 LR: 0.005000 Time: 644.1s
Epoch [2] Batch [360/1607] Loss: 0.0033 LR: 0.005000 Time: 662.7s
Epoch [2] Batch [370/1607] Loss: 0.0359 LR: 0.005000 Time: 680.9s
Epoch [2] Batch [380/1607] Loss: 0.0373 LR: 0.005000 Time: 699.2s
Epoch [2] Batch [390/1607] Loss: 0.0174 LR: 0.005000 Time: 717.5s
Epoch [2] Batch [400/1607] Loss: 0.0280 LR: 0.005000 Time: 735.8s
Epoch [2] Batch [410/1607] Loss: 0.0017 LR: 0.005000 Time: 754.1s
Epoch [2] Batch [420/1607] Loss: 0.0294 LR: 0.005000 Time: 772.4s
Epoch [2] Batch [430/1607] Loss: 0.0132 LR: 0.005000 Time: 790.8s
Epoch [2] Batch [440/1607] Loss: 0.0169 LR: 0.005000 Time: 809.1s
Epoch [2] Batch [450/1607] Loss: 0.0496 LR: 0.005000 Time: 827.3s
Epoch [2] Batch [460/1607] Loss: 0.0246 LR: 0.005000 Time: 845.7s
Epoch [2] Batch [470/1607] Loss: 0.0385 LR: 0.005000 Time: 864.0s
Epoch [2] Batch [480/1607] Loss: 0.0254 LR: 0.005000 Time: 882.3s
Epoch [2] Batch [490/1607] Loss: 0.0311 LR: 0.005000 Time: 900.6s
Epoch [2] Batch [500/1607] Loss: 0.0113 LR: 0.005000 Time: 918.9s
Epoch [2] Batch [510/1607] Loss: 0.0371 LR: 0.005000 Time: 937.2s
Epoch [2] Batch [520/1607] Loss: 0.0161 LR: 0.005000 Time: 955.5s
Epoch [2] Batch [530/1607] Loss: 0.0049 LR: 0.005000 Time: 973.8s
Epoch [2] Batch [540/1607] Loss: 0.0327 LR: 0.005000 Time: 992.1s
Epoch [2] Batch [550/1607] Loss: 0.0197 LR: 0.005000 Time: 1010.4s
Epoch [2] Batch [560/1607] Loss: 0.0496 LR: 0.005000 Time: 1028.8s
Epoch [2] Batch [570/1607] Loss: 0.0326 LR: 0.005000 Time: 1047.1s
Epoch [2] Batch [580/1607] Loss: 0.0134 LR: 0.005000 Time: 1065.4s
Epoch [2] Batch [590/1607] Loss: 0.0013 LR: 0.005000 Time: 1083.7s
Epoch [2] Batch [600/1607] Loss: 0.0116 LR: 0.005000 Time: 1102.0s
Epoch [2] Batch [610/1607] Loss: 0.0150 LR: 0.005000 Time: 1120.4s
Epoch [2] Batch [620/1607] Loss: 0.0231 LR: 0.005000 Time: 1138.8s
Epoch [2] Batch [630/1607] Loss: 0.0416 LR: 0.005000 Time: 1157.1s
Epoch [2] Batch [640/1607] Loss: 0.0351 LR: 0.005000 Time: 1175.4s
Epoch [2] Batch [650/1607] Loss: 0.0656 LR: 0.005000 Time: 1193.8s
Epoch [2] Batch [660/1607] Loss: 0.0251 LR: 0.005000 Time: 1212.2s
Epoch [2] Batch [670/1607] Loss: 0.0107 LR: 0.005000 Time: 1230.5s
Epoch [2] Batch [680/1607] Loss: 0.0152 LR: 0.005000 Time: 1248.9s
Epoch [2] Batch [690/1607] Loss: 0.0233 LR: 0.005000 Time: 1267.2s
Epoch [2] Batch [700/1607] Loss: 0.0633 LR: 0.005000 Time: 1285.6s
Epoch [2] Batch [710/1607] Loss: 0.0299 LR: 0.005000 Time: 1303.9s
Epoch [2] Batch [720/1607] Loss: 0.0192 LR: 0.005000 Time: 1322.3s
Epoch [2] Batch [730/1607] Loss: 0.0027 LR: 0.005000 Time: 1340.6s
Epoch [2] Batch [740/1607] Loss: 0.0102 LR: 0.005000 Time: 1358.9s
Epoch [2] Batch [750/1607] Loss: 0.0491 LR: 0.005000 Time: 1377.3s
Epoch [2] Batch [760/1607] Loss: 0.0134 LR: 0.005000 Time: 1395.6s
Epoch [2] Batch [770/1607] Loss: 0.0106 LR: 0.005000 Time: 1414.0s
Epoch [2] Batch [780/1607] Loss: 0.0254 LR: 0.005000 Time: 1432.3s
Epoch [2] Batch [790/1607] Loss: 0.0123 LR: 0.005000 Time: 1450.7s
Epoch [2] Batch [800/1607] Loss: 0.0354 LR: 0.005000 Time: 1469.2s
Epoch [2] Batch [810/1607] Loss: 0.0151 LR: 0.005000 Time: 1488.3s
Epoch [2] Batch [820/1607] Loss: 0.0107 LR: 0.005000 Time: 1506.6s
Epoch [2] Batch [830/1607] Loss: 0.0323 LR: 0.005000 Time: 1524.9s
Epoch [2] Batch [840/1607] Loss: 0.0134 LR: 0.005000 Time: 1543.2s
Epoch [2] Batch [850/1607] Loss: 0.0491 LR: 0.005000 Time: 1561.4s
Epoch [2] Batch [860/1607] Loss: 0.0444 LR: 0.005000 Time: 1579.7s
Epoch [2] Batch [870/1607] Loss: 0.0422 LR: 0.005000 Time: 1598.0s
Epoch [2] Batch [880/1607] Loss: 0.0167 LR: 0.005000 Time: 1616.4s
Epoch [2] Batch [890/1607] Loss: 0.0013 LR: 0.005000 Time: 1634.7s
Epoch [2] Batch [900/1607] Loss: 0.0410 LR: 0.005000 Time: 1653.1s
Epoch [2] Batch [910/1607] Loss: 0.0008 LR: 0.005000 Time: 1671.4s
Epoch [2] Batch [920/1607] Loss: 0.0308 LR: 0.005000 Time: 1689.6s
Epoch [2] Batch [930/1607] Loss: 0.0018 LR: 0.005000 Time: 1707.9s
Epoch [2] Batch [940/1607] Loss: 0.0365 LR: 0.005000 Time: 1726.2s
Epoch [2] Batch [950/1607] Loss: 0.0028 LR: 0.005000 Time: 1744.5s
Epoch [2] Batch [960/1607] Loss: 0.0097 LR: 0.005000 Time: 1762.8s
Epoch [2] Batch [970/1607] Loss: 0.0275 LR: 0.005000 Time: 1781.2s
Epoch [2] Batch [980/1607] Loss: 0.0260 LR: 0.005000 Time: 1799.4s
Epoch [2] Batch [990/1607] Loss: 0.0021 LR: 0.005000 Time: 1817.7s
Epoch [2] Batch [1000/1607] Loss: 0.0430 LR: 0.005000 Time: 1836.2s
Epoch [2] Batch [1010/1607] Loss: 0.0474 LR: 0.005000 Time: 1854.4s
Epoch [2] Batch [1020/1607] Loss: 0.0094 LR: 0.005000 Time: 1872.8s
Epoch [2] Batch [1030/1607] Loss: 0.0379 LR: 0.005000 Time: 1891.1s
Epoch [2] Batch [1040/1607] Loss: 0.0099 LR: 0.005000 Time: 1909.5s
Epoch [2] Batch [1050/1607] Loss: 0.0021 LR: 0.005000 Time: 1927.8s
Epoch [2] Batch [1060/1607] Loss: 0.0285 LR: 0.005000 Time: 1946.1s
Epoch [2] Batch [1070/1607] Loss: 0.0031 LR: 0.005000 Time: 1964.4s
Epoch [2] Batch [1080/1607] Loss: 0.0552 LR: 0.005000 Time: 1982.8s
Epoch [2] Batch [1090/1607] Loss: 0.0387 LR: 0.005000 Time: 2001.1s
Epoch [2] Batch [1100/1607] Loss: 0.0344 LR: 0.005000 Time: 2019.5s
Epoch [2] Batch [1110/1607] Loss: 0.0365 LR: 0.005000 Time: 2037.8s
Epoch [2] Batch [1120/1607] Loss: 0.0214 LR: 0.005000 Time: 2056.1s
Epoch [2] Batch [1130/1607] Loss: 0.0119 LR: 0.005000 Time: 2074.4s
Epoch [2] Batch [1140/1607] Loss: 0.0413 LR: 0.005000 Time: 2092.7s
Epoch [2] Batch [1150/1607] Loss: 0.0203 LR: 0.005000 Time: 2111.1s
Epoch [2] Batch [1160/1607] Loss: 0.0125 LR: 0.005000 Time: 2129.4s
Epoch [2] Batch [1170/1607] Loss: 0.0271 LR: 0.005000 Time: 2147.7s
Epoch [2] Batch [1180/1607] Loss: 0.0017 LR: 0.005000 Time: 2166.1s
Epoch [2] Batch [1190/1607] Loss: 0.0076 LR: 0.005000 Time: 2184.4s
Epoch [2] Batch [1200/1607] Loss: 0.0421 LR: 0.005000 Time: 2202.8s
Epoch [2] Batch [1210/1607] Loss: 0.0382 LR: 0.005000 Time: 2221.1s
Epoch [2] Batch [1220/1607] Loss: 0.0022 LR: 0.005000 Time: 2239.4s
Epoch [2] Batch [1230/1607] Loss: 0.0422 LR: 0.005000 Time: 2257.7s
Epoch [2] Batch [1240/1607] Loss: 0.0284 LR: 0.005000 Time: 2276.1s
Epoch [2] Batch [1250/1607] Loss: 0.0527 LR: 0.005000 Time: 2294.4s
Epoch [2] Batch [1260/1607] Loss: 0.0326 LR: 0.005000 Time: 2312.7s
Epoch [2] Batch [1270/1607] Loss: 0.0390 LR: 0.005000 Time: 2331.1s
Epoch [2] Batch [1280/1607] Loss: 0.0096 LR: 0.005000 Time: 2349.4s
Epoch [2] Batch [1290/1607] Loss: 0.0483 LR: 0.005000 Time: 2367.8s
Epoch [2] Batch [1300/1607] Loss: 0.0088 LR: 0.005000 Time: 2386.1s
Epoch [2] Batch [1310/1607] Loss: 0.0394 LR: 0.005000 Time: 2404.5s
Epoch [2] Batch [1320/1607] Loss: 0.0415 LR: 0.005000 Time: 2422.8s
Epoch [2] Batch [1330/1607] Loss: 0.0079 LR: 0.005000 Time: 2441.1s
Epoch [2] Batch [1340/1607] Loss: 0.0325 LR: 0.005000 Time: 2459.5s
Epoch [2] Batch [1350/1607] Loss: 0.0178 LR: 0.005000 Time: 2477.8s
Epoch [2] Batch [1360/1607] Loss: 0.0022 LR: 0.005000 Time: 2496.1s
Epoch [2] Batch [1370/1607] Loss: 0.0263 LR: 0.005000 Time: 2514.4s
Epoch [2] Batch [1380/1607] Loss: 0.0277 LR: 0.005000 Time: 2532.7s
Epoch [2] Batch [1390/1607] Loss: 0.0248 LR: 0.005000 Time: 2551.1s
Epoch [2] Batch [1400/1607] Loss: 0.0357 LR: 0.005000 Time: 2569.4s
Epoch [2] Batch [1410/1607] Loss: 0.0628 LR: 0.005000 Time: 2587.8s
Epoch [2] Batch [1420/1607] Loss: 0.0270 LR: 0.005000 Time: 2606.1s
Epoch [2] Batch [1430/1607] Loss: 0.0422 LR: 0.005000 Time: 2624.8s
Epoch [2] Batch [1440/1607] Loss: 0.0449 LR: 0.005000 Time: 2643.1s
Epoch [2] Batch [1450/1607] Loss: 0.0084 LR: 0.005000 Time: 2661.4s
Epoch [2] Batch [1460/1607] Loss: 0.0646 LR: 0.005000 Time: 2679.7s
Epoch [2] Batch [1470/1607] Loss: 0.0319 LR: 0.005000 Time: 2698.0s
Epoch [2] Batch [1480/1607] Loss: 0.0240 LR: 0.005000 Time: 2716.2s
Epoch [2] Batch [1490/1607] Loss: 0.0123 LR: 0.005000 Time: 2734.5s
Epoch [2] Batch [1500/1607] Loss: 0.0516 LR: 0.005000 Time: 2753.0s
Epoch [2] Batch [1510/1607] Loss: 0.0098 LR: 0.005000 Time: 2771.3s
Epoch [2] Batch [1520/1607] Loss: 0.0214 LR: 0.005000 Time: 2789.6s
Epoch [2] Batch [1530/1607] Loss: 0.0137 LR: 0.005000 Time: 2807.9s
Epoch [2] Batch [1540/1607] Loss: 0.0008 LR: 0.005000 Time: 2826.2s
Epoch [2] Batch [1550/1607] Loss: 0.0192 LR: 0.005000 Time: 2844.8s
Epoch [2] Batch [1560/1607] Loss: 0.0121 LR: 0.005000 Time: 2863.2s
Epoch [2] Batch [1570/1607] Loss: 0.0182 LR: 0.005000 Time: 2881.5s
Epoch [2] Batch [1580/1607] Loss: 0.0289 LR: 0.005000 Time: 2899.8s
Epoch [2] Batch [1590/1607] Loss: 0.0220 LR: 0.005000 Time: 2918.0s
Epoch [2] Batch [1600/1607] Loss: 0.0113 LR: 0.005000 Time: 2936.3s
[INFO] Saved checkpoint: output/checkpoint_epoch_2.pth
[INFO] Saved best checkpoint: output/checkpoint_best.pth

============================================================
EPOCH 4/10
============================================================
Epoch [3] Batch [0/1607] Loss: 0.0396 LR: 0.000500 Time: 2.0s
Epoch [3] Batch [10/1607] Loss: 0.0137 LR: 0.000500 Time: 20.3s
Epoch [3] Batch [20/1607] Loss: 0.0131 LR: 0.000500 Time: 38.6s
Epoch [3] Batch [30/1607] Loss: 0.0194 LR: 0.000500 Time: 56.9s
Epoch [3] Batch [40/1607] Loss: 0.0096 LR: 0.000500 Time: 75.2s
Epoch [3] Batch [50/1607] Loss: 0.0021 LR: 0.000500 Time: 93.4s
Epoch [3] Batch [60/1607] Loss: 0.0022 LR: 0.000500 Time: 111.7s
Epoch [3] Batch [70/1607] Loss: 0.0261 LR: 0.000500 Time: 130.1s
Epoch [3] Batch [80/1607] Loss: 0.0219 LR: 0.000500 Time: 148.4s
Epoch [3] Batch [90/1607] Loss: 0.0266 LR: 0.000500 Time: 166.6s
Epoch [3] Batch [100/1607] Loss: 0.0310 LR: 0.000500 Time: 184.9s
Epoch [3] Batch [110/1607] Loss: 0.0216 LR: 0.000500 Time: 203.1s
Epoch [3] Batch [120/1607] Loss: 0.0100 LR: 0.000500 Time: 221.5s
Epoch [3] Batch [130/1607] Loss: 0.0268 LR: 0.000500 Time: 239.8s
Epoch [3] Batch [140/1607] Loss: 0.0374 LR: 0.000500 Time: 258.1s
Epoch [3] Batch [150/1607] Loss: 0.0132 LR: 0.000500 Time: 276.4s
Epoch [3] Batch [160/1607] Loss: 0.0093 LR: 0.000500 Time: 294.7s
Epoch [3] Batch [170/1607] Loss: 0.0025 LR: 0.000500 Time: 313.0s
Epoch [3] Batch [180/1607] Loss: 0.0038 LR: 0.000500 Time: 331.3s
Epoch [3] Batch [190/1607] Loss: 0.0023 LR: 0.000500 Time: 349.6s
Epoch [3] Batch [200/1607] Loss: 0.0251 LR: 0.000500 Time: 368.0s
Epoch [3] Batch [210/1607] Loss: 0.0227 LR: 0.000500 Time: 386.3s
Epoch [3] Batch [220/1607] Loss: 0.0117 LR: 0.000500 Time: 404.6s
Epoch [3] Batch [230/1607] Loss: 0.0216 LR: 0.000500 Time: 423.0s
Epoch [3] Batch [240/1607] Loss: 0.0016 LR: 0.000500 Time: 441.3s
Epoch [3] Batch [250/1607] Loss: 0.0290 LR: 0.000500 Time: 459.6s
Epoch [3] Batch [260/1607] Loss: 0.0469 LR: 0.000500 Time: 479.8s
Epoch [3] Batch [270/1607] Loss: 0.0182 LR: 0.000500 Time: 498.6s
Epoch [3] Batch [280/1607] Loss: 0.0166 LR: 0.000500 Time: 516.9s
Epoch [3] Batch [290/1607] Loss: 0.0029 LR: 0.000500 Time: 535.2s
Epoch [3] Batch [300/1607] Loss: 0.0119 LR: 0.000500 Time: 553.5s
Epoch [3] Batch [310/1607] Loss: 0.0404 LR: 0.000500 Time: 571.7s
Epoch [3] Batch [320/1607] Loss: 0.0202 LR: 0.000500 Time: 590.0s
Epoch [3] Batch [330/1607] Loss: 0.0315 LR: 0.000500 Time: 608.2s
Epoch [3] Batch [340/1607] Loss: 0.0253 LR: 0.000500 Time: 626.5s
Epoch [3] Batch [350/1607] Loss: 0.0017 LR: 0.000500 Time: 644.7s
Epoch [3] Batch [360/1607] Loss: 0.0139 LR: 0.000500 Time: 663.1s
Epoch [3] Batch [370/1607] Loss: 0.0176 LR: 0.000500 Time: 681.4s
Epoch [3] Batch [380/1607] Loss: 0.0173 LR: 0.000500 Time: 699.7s
Epoch [3] Batch [390/1607] Loss: 0.0288 LR: 0.000500 Time: 717.9s
Epoch [3] Batch [400/1607] Loss: 0.0421 LR: 0.000500 Time: 736.2s
Epoch [3] Batch [410/1607] Loss: 0.0108 LR: 0.000500 Time: 754.4s
Epoch [3] Batch [420/1607] Loss: 0.0303 LR: 0.000500 Time: 772.7s
Epoch [3] Batch [430/1607] Loss: 0.0028 LR: 0.000500 Time: 791.2s
Epoch [3] Batch [440/1607] Loss: 0.0021 LR: 0.000500 Time: 809.5s
Epoch [3] Batch [450/1607] Loss: 0.0233 LR: 0.000500 Time: 827.8s
Epoch [3] Batch [460/1607] Loss: 0.0032 LR: 0.000500 Time: 846.1s
Epoch [3] Batch [470/1607] Loss: 0.0300 LR: 0.000500 Time: 865.6s
Epoch [3] Batch [480/1607] Loss: 0.0088 LR: 0.000500 Time: 884.3s
Epoch [3] Batch [490/1607] Loss: 0.0376 LR: 0.000500 Time: 902.8s
Epoch [3] Batch [500/1607] Loss: 0.0189 LR: 0.000500 Time: 921.4s
Epoch [3] Batch [510/1607] Loss: 0.0456 LR: 0.000500 Time: 940.1s
Epoch [3] Batch [520/1607] Loss: 0.0365 LR: 0.000500 Time: 958.7s
Epoch [3] Batch [530/1607] Loss: 0.0024 LR: 0.000500 Time: 977.3s
Epoch [3] Batch [540/1607] Loss: 0.0257 LR: 0.000500 Time: 995.8s
Epoch [3] Batch [550/1607] Loss: 0.0630 LR: 0.000500 Time: 1014.4s
Epoch [3] Batch [560/1607] Loss: 0.0113 LR: 0.000500 Time: 1033.1s
Epoch [3] Batch [570/1607] Loss: 0.0016 LR: 0.000500 Time: 1051.7s
Epoch [3] Batch [580/1607] Loss: 0.0621 LR: 0.000500 Time: 1070.3s
Epoch [3] Batch [590/1607] Loss: 0.0147 LR: 0.000500 Time: 1088.9s
Epoch [3] Batch [600/1607] Loss: 0.0278 LR: 0.000500 Time: 1107.5s
Epoch [3] Batch [610/1607] Loss: 0.0021 LR: 0.000500 Time: 1126.2s
Epoch [3] Batch [620/1607] Loss: 0.0230 LR: 0.000500 Time: 1144.7s
Epoch [3] Batch [630/1607] Loss: 0.0199 LR: 0.000500 Time: 1163.3s
Epoch [3] Batch [640/1607] Loss: 0.0193 LR: 0.000500 Time: 1182.1s
Epoch [3] Batch [650/1607] Loss: 0.0475 LR: 0.000500 Time: 1200.7s
Epoch [3] Batch [660/1607] Loss: 0.0191 LR: 0.000500 Time: 1219.3s
Epoch [3] Batch [670/1607] Loss: 0.0150 LR: 0.000500 Time: 1237.9s
Epoch [3] Batch [680/1607] Loss: 0.0431 LR: 0.000500 Time: 1256.4s
Epoch [3] Batch [690/1607] Loss: 0.0417 LR: 0.000500 Time: 1275.4s
Epoch [3] Batch [700/1607] Loss: 0.0175 LR: 0.000500 Time: 1294.2s
Epoch [3] Batch [710/1607] Loss: 0.0023 LR: 0.000500 Time: 1312.9s
Epoch [3] Batch [720/1607] Loss: 0.0017 LR: 0.000500 Time: 1331.4s
Epoch [3] Batch [730/1607] Loss: 0.0237 LR: 0.000500 Time: 1350.1s
Epoch [3] Batch [740/1607] Loss: 0.0448 LR: 0.000500 Time: 1368.7s
Epoch [3] Batch [750/1607] Loss: 0.0121 LR: 0.000500 Time: 1387.3s
Epoch [3] Batch [760/1607] Loss: 0.0217 LR: 0.000500 Time: 1405.9s
Epoch [3] Batch [770/1607] Loss: 0.0338 LR: 0.000500 Time: 1424.4s
Epoch [3] Batch [780/1607] Loss: 0.0093 LR: 0.000500 Time: 1443.1s
Epoch [3] Batch [790/1607] Loss: 0.0174 LR: 0.000500 Time: 1461.7s
Epoch [3] Batch [800/1607] Loss: 0.0213 LR: 0.000500 Time: 1480.3s
Epoch [3] Batch [810/1607] Loss: 0.0131 LR: 0.000500 Time: 1498.8s
Epoch [3] Batch [820/1607] Loss: 0.0308 LR: 0.000500 Time: 1517.4s
Epoch [3] Batch [830/1607] Loss: 0.0124 LR: 0.000500 Time: 1536.0s
Epoch [3] Batch [840/1607] Loss: 0.0332 LR: 0.000500 Time: 1554.5s
Epoch [3] Batch [850/1607] Loss: 0.0139 LR: 0.000500 Time: 1573.1s
Epoch [3] Batch [860/1607] Loss: 0.0125 LR: 0.000500 Time: 1591.8s
Epoch [3] Batch [870/1607] Loss: 0.0279 LR: 0.000500 Time: 1610.5s
Epoch [3] Batch [880/1607] Loss: 0.0107 LR: 0.000500 Time: 1629.1s
Epoch [3] Batch [890/1607] Loss: 0.0132 LR: 0.000500 Time: 1647.7s
Epoch [3] Batch [900/1607] Loss: 0.0071 LR: 0.000500 Time: 1666.4s
Epoch [3] Batch [910/1607] Loss: 0.0076 LR: 0.000500 Time: 1685.0s
Epoch [3] Batch [920/1607] Loss: 0.0094 LR: 0.000500 Time: 1703.7s
Epoch [3] Batch [930/1607] Loss: 0.0331 LR: 0.000500 Time: 1722.3s
Epoch [3] Batch [940/1607] Loss: 0.0220 LR: 0.000500 Time: 1741.0s
Epoch [3] Batch [950/1607] Loss: 0.0018 LR: 0.000500 Time: 1759.6s
Epoch [3] Batch [960/1607] Loss: 0.0087 LR: 0.000500 Time: 1778.3s
Epoch [3] Batch [970/1607] Loss: 0.0489 LR: 0.000500 Time: 1797.1s
Epoch [3] Batch [980/1607] Loss: 0.0022 LR: 0.000500 Time: 1815.8s
Epoch [3] Batch [990/1607] Loss: 0.0015 LR: 0.000500 Time: 1834.4s
Epoch [3] Batch [1000/1607] Loss: 0.0015 LR: 0.000500 Time: 1853.0s
Epoch [3] Batch [1010/1607] Loss: 0.0291 LR: 0.000500 Time: 1871.6s
Epoch [3] Batch [1020/1607] Loss: 0.0041 LR: 0.000500 Time: 1890.3s
Epoch [3] Batch [1030/1607] Loss: 0.0042 LR: 0.000500 Time: 1908.9s
Epoch [3] Batch [1040/1607] Loss: 0.0179 LR: 0.000500 Time: 1927.5s
Epoch [3] Batch [1050/1607] Loss: 0.0144 LR: 0.000500 Time: 1946.1s
Epoch [3] Batch [1060/1607] Loss: 0.0017 LR: 0.000500 Time: 1964.7s
Epoch [3] Batch [1070/1607] Loss: 0.0335 LR: 0.000500 Time: 1983.2s
Epoch [3] Batch [1080/1607] Loss: 0.0171 LR: 0.000500 Time: 2001.9s
Epoch [3] Batch [1090/1607] Loss: 0.0192 LR: 0.000500 Time: 2020.6s
Epoch [3] Batch [1100/1607] Loss: 0.0622 LR: 0.000500 Time: 2039.2s
Epoch [3] Batch [1110/1607] Loss: 0.0126 LR: 0.000500 Time: 2057.8s
Epoch [3] Batch [1120/1607] Loss: 0.0307 LR: 0.000500 Time: 2076.2s
Epoch [3] Batch [1130/1607] Loss: 0.0021 LR: 0.000500 Time: 2094.7s
Epoch [3] Batch [1140/1607] Loss: 0.0232 LR: 0.000500 Time: 2113.4s
Epoch [3] Batch [1150/1607] Loss: 0.0011 LR: 0.000500 Time: 2132.0s
Epoch [3] Batch [1160/1607] Loss: 0.0205 LR: 0.000500 Time: 2150.6s
Epoch [3] Batch [1170/1607] Loss: 0.0257 LR: 0.000500 Time: 2169.1s
Epoch [3] Batch [1180/1607] Loss: 0.0028 LR: 0.000500 Time: 2187.8s
Epoch [3] Batch [1190/1607] Loss: 0.0393 LR: 0.000500 Time: 2206.4s
Epoch [3] Batch [1200/1607] Loss: 0.0033 LR: 0.000500 Time: 2225.1s
Epoch [3] Batch [1210/1607] Loss: 0.0348 LR: 0.000500 Time: 2243.8s
Epoch [3] Batch [1220/1607] Loss: 0.0156 LR: 0.000500 Time: 2262.4s
Epoch [3] Batch [1230/1607] Loss: 0.0216 LR: 0.000500 Time: 2281.1s
Epoch [3] Batch [1240/1607] Loss: 0.0033 LR: 0.000500 Time: 2299.7s
Epoch [3] Batch [1250/1607] Loss: 0.0235 LR: 0.000500 Time: 2318.3s
Epoch [3] Batch [1260/1607] Loss: 0.0330 LR: 0.000500 Time: 2336.8s
Epoch [3] Batch [1270/1607] Loss: 0.0017 LR: 0.000500 Time: 2355.4s
Epoch [3] Batch [1280/1607] Loss: 0.0178 LR: 0.000500 Time: 2374.0s
Epoch [3] Batch [1290/1607] Loss: 0.0019 LR: 0.000500 Time: 2392.6s
Epoch [3] Batch [1300/1607] Loss: 0.0351 LR: 0.000500 Time: 2411.2s
Epoch [3] Batch [1310/1607] Loss: 0.0305 LR: 0.000500 Time: 2429.8s
Epoch [3] Batch [1320/1607] Loss: 0.0013 LR: 0.000500 Time: 2448.3s
Epoch [3] Batch [1330/1607] Loss: 0.0031 LR: 0.000500 Time: 2466.9s
Epoch [3] Batch [1340/1607] Loss: 0.0213 LR: 0.000500 Time: 2485.5s
Epoch [3] Batch [1350/1607] Loss: 0.0437 LR: 0.000500 Time: 2504.3s
Epoch [3] Batch [1360/1607] Loss: 0.0226 LR: 0.000500 Time: 2522.8s
Epoch [3] Batch [1370/1607] Loss: 0.0228 LR: 0.000500 Time: 2541.4s
Epoch [3] Batch [1380/1607] Loss: 0.0012 LR: 0.000500 Time: 2560.0s
Epoch [3] Batch [1390/1607] Loss: 0.0412 LR: 0.000500 Time: 2578.7s
Epoch [3] Batch [1400/1607] Loss: 0.0360 LR: 0.000500 Time: 2597.3s
Epoch [3] Batch [1410/1607] Loss: 0.0243 LR: 0.000500 Time: 2615.9s
Epoch [3] Batch [1420/1607] Loss: 0.0504 LR: 0.000500 Time: 2634.5s
Epoch [3] Batch [1430/1607] Loss: 0.0352 LR: 0.000500 Time: 2653.1s
Epoch [3] Batch [1440/1607] Loss: 0.0089 LR: 0.000500 Time: 2672.0s
Epoch [3] Batch [1450/1607] Loss: 0.0034 LR: 0.000500 Time: 2690.6s
Epoch [3] Batch [1460/1607] Loss: 0.0079 LR: 0.000500 Time: 2709.1s
Epoch [3] Batch [1470/1607] Loss: 0.0344 LR: 0.000500 Time: 2727.7s
Epoch [3] Batch [1480/1607] Loss: 0.0023 LR: 0.000500 Time: 2746.2s
Epoch [3] Batch [1490/1607] Loss: 0.0123 LR: 0.000500 Time: 2764.8s
Epoch [3] Batch [1500/1607] Loss: 0.0119 LR: 0.000500 Time: 2783.3s
Epoch [3] Batch [1510/1607] Loss: 0.0101 LR: 0.000500 Time: 2801.8s
Epoch [3] Batch [1520/1607] Loss: 0.0221 LR: 0.000500 Time: 2820.3s
Epoch [3] Batch [1530/1607] Loss: 0.0141 LR: 0.000500 Time: 2838.8s
Epoch [3] Batch [1540/1607] Loss: 0.0306 LR: 0.000500 Time: 2857.3s
Epoch [3] Batch [1550/1607] Loss: 0.0182 LR: 0.000500 Time: 2875.8s
Epoch [3] Batch [1560/1607] Loss: 0.0238 LR: 0.000500 Time: 2894.3s
Epoch [3] Batch [1570/1607] Loss: 0.0483 LR: 0.000500 Time: 2912.9s
Epoch [3] Batch [1580/1607] Loss: 0.0513 LR: 0.000500 Time: 2931.4s
Epoch [3] Batch [1590/1607] Loss: 0.0019 LR: 0.000500 Time: 2949.8s
Epoch [3] Batch [1600/1607] Loss: 0.0259 LR: 0.000500 Time: 2968.3s
[INFO] Saved checkpoint: output/checkpoint_epoch_3.pth
[INFO] Saved best checkpoint: output/checkpoint_best.pth

============================================================
EPOCH 5/10
============================================================
Epoch [4] Batch [0/1607] Loss: 0.0016 LR: 0.000500 Time: 2.0s
Epoch [4] Batch [10/1607] Loss: 0.0325 LR: 0.000500 Time: 20.5s
Epoch [4] Batch [20/1607] Loss: 0.0087 LR: 0.000500 Time: 38.8s
Epoch [4] Batch [30/1607] Loss: 0.0402 LR: 0.000500 Time: 57.1s
Epoch [4] Batch [40/1607] Loss: 0.0289 LR: 0.000500 Time: 76.4s
Epoch [4] Batch [50/1607] Loss: 0.0142 LR: 0.000500 Time: 96.3s
Epoch [4] Batch [60/1607] Loss: 0.0109 LR: 0.000500 Time: 114.6s
Epoch [4] Batch [70/1607] Loss: 0.0190 LR: 0.000500 Time: 132.8s
Epoch [4] Batch [80/1607] Loss: 0.0210 LR: 0.000500 Time: 151.1s
Epoch [4] Batch [90/1607] Loss: 0.0151 LR: 0.000500 Time: 169.4s
Epoch [4] Batch [100/1607] Loss: 0.0264 LR: 0.000500 Time: 187.7s
Epoch [4] Batch [110/1607] Loss: 0.0023 LR: 0.000500 Time: 206.1s
Epoch [4] Batch [120/1607] Loss: 0.0328 LR: 0.000500 Time: 224.3s
Epoch [4] Batch [130/1607] Loss: 0.0126 LR: 0.000500 Time: 242.6s
Epoch [4] Batch [140/1607] Loss: 0.0157 LR: 0.000500 Time: 260.9s
Epoch [4] Batch [150/1607] Loss: 0.0349 LR: 0.000500 Time: 279.2s
Epoch [4] Batch [160/1607] Loss: 0.0173 LR: 0.000500 Time: 297.4s
Epoch [4] Batch [170/1607] Loss: 0.0101 LR: 0.000500 Time: 315.7s
Epoch [4] Batch [180/1607] Loss: 0.0144 LR: 0.000500 Time: 334.0s
Epoch [4] Batch [190/1607] Loss: 0.0360 LR: 0.000500 Time: 352.3s
Epoch [4] Batch [200/1607] Loss: 0.0261 LR: 0.000500 Time: 370.9s
Epoch [4] Batch [210/1607] Loss: 0.0321 LR: 0.000500 Time: 389.7s
Epoch [4] Batch [220/1607] Loss: 0.0369 LR: 0.000500 Time: 408.6s
Epoch [4] Batch [230/1607] Loss: 0.0339 LR: 0.000500 Time: 427.4s
Epoch [4] Batch [240/1607] Loss: 0.0392 LR: 0.000500 Time: 446.1s
Epoch [4] Batch [250/1607] Loss: 0.0031 LR: 0.000500 Time: 464.8s
Epoch [4] Batch [260/1607] Loss: 0.0613 LR: 0.000500 Time: 483.5s
Epoch [4] Batch [270/1607] Loss: 0.0184 LR: 0.000500 Time: 501.8s
Epoch [4] Batch [280/1607] Loss: 0.0323 LR: 0.000500 Time: 520.6s
Epoch [4] Batch [290/1607] Loss: 0.0328 LR: 0.000500 Time: 539.4s
Epoch [4] Batch [300/1607] Loss: 0.0282 LR: 0.000500 Time: 558.1s
Epoch [4] Batch [310/1607] Loss: 0.0485 LR: 0.000500 Time: 576.8s
Epoch [4] Batch [320/1607] Loss: 0.0311 LR: 0.000500 Time: 595.6s
Epoch [4] Batch [330/1607] Loss: 0.0224 LR: 0.000500 Time: 614.5s
Epoch [4] Batch [340/1607] Loss: 0.0131 LR: 0.000500 Time: 633.2s
Epoch [4] Batch [350/1607] Loss: 0.0369 LR: 0.000500 Time: 651.9s
Epoch [4] Batch [360/1607] Loss: 0.0097 LR: 0.000500 Time: 670.7s
Epoch [4] Batch [370/1607] Loss: 0.0164 LR: 0.000500 Time: 689.6s
Epoch [4] Batch [380/1607] Loss: 0.0083 LR: 0.000500 Time: 708.5s
Epoch [4] Batch [390/1607] Loss: 0.0142 LR: 0.000500 Time: 727.2s
Epoch [4] Batch [400/1607] Loss: 0.0243 LR: 0.000500 Time: 746.1s
Epoch [4] Batch [410/1607] Loss: 0.0128 LR: 0.000500 Time: 764.8s
Epoch [4] Batch [420/1607] Loss: 0.0023 LR: 0.000500 Time: 783.8s
Epoch [4] Batch [430/1607] Loss: 0.0216 LR: 0.000500 Time: 802.3s
Epoch [4] Batch [440/1607] Loss: 0.0287 LR: 0.000500 Time: 820.7s
Epoch [4] Batch [450/1607] Loss: 0.0439 LR: 0.000500 Time: 839.0s
Epoch [4] Batch [460/1607] Loss: 0.0252 LR: 0.000500 Time: 857.9s
Epoch [4] Batch [470/1607] Loss: 0.0016 LR: 0.000500 Time: 876.8s
Epoch [4] Batch [480/1607] Loss: 0.0623 LR: 0.000500 Time: 895.7s
Epoch [4] Batch [490/1607] Loss: 0.0424 LR: 0.000500 Time: 914.6s
Epoch [4] Batch [500/1607] Loss: 0.0085 LR: 0.000500 Time: 933.6s
Epoch [4] Batch [510/1607] Loss: 0.0129 LR: 0.000500 Time: 952.4s
Epoch [4] Batch [520/1607] Loss: 0.0291 LR: 0.000500 Time: 971.2s
Epoch [4] Batch [530/1607] Loss: 0.0171 LR: 0.000500 Time: 989.5s
Epoch [4] Batch [540/1607] Loss: 0.0127 LR: 0.000500 Time: 1007.8s
Epoch [4] Batch [550/1607] Loss: 0.0284 LR: 0.000500 Time: 1026.4s
Epoch [4] Batch [560/1607] Loss: 0.0108 LR: 0.000500 Time: 1046.0s
Epoch [4] Batch [570/1607] Loss: 0.0157 LR: 0.000500 Time: 1064.5s
Epoch [4] Batch [580/1607] Loss: 0.0075 LR: 0.000500 Time: 1082.7s
Epoch [4] Batch [590/1607] Loss: 0.0183 LR: 0.000500 Time: 1101.1s
Epoch [4] Batch [600/1607] Loss: 0.0200 LR: 0.000500 Time: 1119.4s
Epoch [4] Batch [610/1607] Loss: 0.0353 LR: 0.000500 Time: 1137.6s
Epoch [4] Batch [620/1607] Loss: 0.0121 LR: 0.000500 Time: 1155.9s
Epoch [4] Batch [630/1607] Loss: 0.0132 LR: 0.000500 Time: 1174.1s
Epoch [4] Batch [640/1607] Loss: 0.0015 LR: 0.000500 Time: 1192.4s
Epoch [4] Batch [650/1607] Loss: 0.0176 LR: 0.000500 Time: 1210.7s
Epoch [4] Batch [660/1607] Loss: 0.0307 LR: 0.000500 Time: 1229.0s
Epoch [4] Batch [670/1607] Loss: 0.0161 LR: 0.000500 Time: 1247.3s
Epoch [4] Batch [680/1607] Loss: 0.0097 LR: 0.000500 Time: 1265.5s
Epoch [4] Batch [690/1607] Loss: 0.0105 LR: 0.000500 Time: 1283.8s
Epoch [4] Batch [700/1607] Loss: 0.0098 LR: 0.000500 Time: 1302.0s
Epoch [4] Batch [710/1607] Loss: 0.0102 LR: 0.000500 Time: 1320.5s
Epoch [4] Batch [720/1607] Loss: 0.0263 LR: 0.000500 Time: 1338.9s
Epoch [4] Batch [730/1607] Loss: 0.0400 LR: 0.000500 Time: 1357.2s
Epoch [4] Batch [740/1607] Loss: 0.0188 LR: 0.000500 Time: 1375.6s
Epoch [4] Batch [750/1607] Loss: 0.0274 LR: 0.000500 Time: 1393.9s
Epoch [4] Batch [760/1607] Loss: 0.0159 LR: 0.000500 Time: 1412.3s
Epoch [4] Batch [770/1607] Loss: 0.0115 LR: 0.000500 Time: 1430.6s
Epoch [4] Batch [780/1607] Loss: 0.0520 LR: 0.000500 Time: 1449.0s
Epoch [4] Batch [790/1607] Loss: 0.0092 LR: 0.000500 Time: 1467.3s
Epoch [4] Batch [800/1607] Loss: 0.0313 LR: 0.000500 Time: 1485.6s
Epoch [4] Batch [810/1607] Loss: 0.0866 LR: 0.000500 Time: 1504.0s
Epoch [4] Batch [820/1607] Loss: 0.0405 LR: 0.000500 Time: 1522.4s
Epoch [4] Batch [830/1607] Loss: 0.0192 LR: 0.000500 Time: 1540.9s
Epoch [4] Batch [840/1607] Loss: 0.0292 LR: 0.000500 Time: 1559.6s
Epoch [4] Batch [850/1607] Loss: 0.0097 LR: 0.000500 Time: 1578.5s
Epoch [4] Batch [860/1607] Loss: 0.0670 LR: 0.000500 Time: 1597.2s
Epoch [4] Batch [870/1607] Loss: 0.0200 LR: 0.000500 Time: 1615.7s
Epoch [4] Batch [880/1607] Loss: 0.0260 LR: 0.000500 Time: 1634.0s
Epoch [4] Batch [890/1607] Loss: 0.0378 LR: 0.000500 Time: 1652.3s
Epoch [4] Batch [900/1607] Loss: 0.0433 LR: 0.000500 Time: 1670.7s
Epoch [4] Batch [910/1607] Loss: 0.0033 LR: 0.000500 Time: 1689.2s
Epoch [4] Batch [920/1607] Loss: 0.0082 LR: 0.000500 Time: 1707.5s
Epoch [4] Batch [930/1607] Loss: 0.0212 LR: 0.000500 Time: 1726.0s
Epoch [4] Batch [940/1607] Loss: 0.0122 LR: 0.000500 Time: 1744.4s
Epoch [4] Batch [950/1607] Loss: 0.0170 LR: 0.000500 Time: 1762.7s
Epoch [4] Batch [960/1607] Loss: 0.0140 LR: 0.000500 Time: 1781.1s
Epoch [4] Batch [970/1607] Loss: 0.0153 LR: 0.000500 Time: 1799.6s
Epoch [4] Batch [980/1607] Loss: 0.0017 LR: 0.000500 Time: 1818.1s
Epoch [4] Batch [990/1607] Loss: 0.0612 LR: 0.000500 Time: 1836.5s
Epoch [4] Batch [1000/1607] Loss: 0.0346 LR: 0.000500 Time: 1854.9s
Epoch [4] Batch [1010/1607] Loss: 0.0228 LR: 0.000500 Time: 1873.3s
Epoch [4] Batch [1020/1607] Loss: 0.0341 LR: 0.000500 Time: 1891.8s
Epoch [4] Batch [1030/1607] Loss: 0.0633 LR: 0.000500 Time: 1910.2s
Epoch [4] Batch [1040/1607] Loss: 0.0192 LR: 0.000500 Time: 1928.7s
Epoch [4] Batch [1050/1607] Loss: 0.0418 LR: 0.000500 Time: 1947.0s
Epoch [4] Batch [1060/1607] Loss: 0.0301 LR: 0.000500 Time: 1965.3s
Epoch [4] Batch [1070/1607] Loss: 0.0536 LR: 0.000500 Time: 1983.6s
Epoch [4] Batch [1080/1607] Loss: 0.0541 LR: 0.000500 Time: 2002.1s
Epoch [4] Batch [1090/1607] Loss: 0.0057 LR: 0.000500 Time: 2020.6s
Epoch [4] Batch [1100/1607] Loss: 0.0139 LR: 0.000500 Time: 2039.1s
Epoch [4] Batch [1110/1607] Loss: 0.0094 LR: 0.000500 Time: 2057.9s
Epoch [4] Batch [1120/1607] Loss: 0.0291 LR: 0.000500 Time: 2076.7s
Epoch [4] Batch [1130/1607] Loss: 0.0237 LR: 0.000500 Time: 2095.1s
Epoch [4] Batch [1140/1607] Loss: 0.0018 LR: 0.000500 Time: 2113.5s
Epoch [4] Batch [1150/1607] Loss: 0.0589 LR: 0.000500 Time: 2131.9s
Epoch [4] Batch [1160/1607] Loss: 0.0143 LR: 0.000500 Time: 2150.2s
Epoch [4] Batch [1170/1607] Loss: 0.0144 LR: 0.000500 Time: 2168.6s
Epoch [4] Batch [1180/1607] Loss: 0.0021 LR: 0.000500 Time: 2186.8s
Epoch [4] Batch [1190/1607] Loss: 0.0432 LR: 0.000500 Time: 2205.2s
Epoch [4] Batch [1200/1607] Loss: 0.0095 LR: 0.000500 Time: 2223.7s
Epoch [4] Batch [1210/1607] Loss: 0.0345 LR: 0.000500 Time: 2242.1s
Epoch [4] Batch [1220/1607] Loss: 0.0596 LR: 0.000500 Time: 2260.5s
Epoch [4] Batch [1230/1607] Loss: 0.0030 LR: 0.000500 Time: 2278.9s
Epoch [4] Batch [1240/1607] Loss: 0.0225 LR: 0.000500 Time: 2297.3s
Epoch [4] Batch [1250/1607] Loss: 0.0128 LR: 0.000500 Time: 2315.8s
Epoch [4] Batch [1260/1607] Loss: 0.0137 LR: 0.000500 Time: 2334.1s
Epoch [4] Batch [1270/1607] Loss: 0.0284 LR: 0.000500 Time: 2352.3s
Epoch [4] Batch [1280/1607] Loss: 0.0406 LR: 0.000500 Time: 2370.7s
Epoch [4] Batch [1290/1607] Loss: 0.0169 LR: 0.000500 Time: 2389.1s
Epoch [4] Batch [1300/1607] Loss: 0.0148 LR: 0.000500 Time: 2407.8s
Epoch [4] Batch [1310/1607] Loss: 0.0034 LR: 0.000500 Time: 2426.5s
Epoch [4] Batch [1320/1607] Loss: 0.0102 LR: 0.000500 Time: 2445.0s
Epoch [4] Batch [1330/1607] Loss: 0.0072 LR: 0.000500 Time: 2463.4s
Epoch [4] Batch [1340/1607] Loss: 0.0277 LR: 0.000500 Time: 2481.7s
Epoch [4] Batch [1350/1607] Loss: 0.0136 LR: 0.000500 Time: 2500.1s
Epoch [4] Batch [1360/1607] Loss: 0.0217 LR: 0.000500 Time: 2518.4s
Epoch [4] Batch [1370/1607] Loss: 0.0157 LR: 0.000500 Time: 2536.9s
Epoch [4] Batch [1380/1607] Loss: 0.0370 LR: 0.000500 Time: 2555.3s
Epoch [4] Batch [1390/1607] Loss: 0.0275 LR: 0.000500 Time: 2573.7s
Epoch [4] Batch [1400/1607] Loss: 0.0172 LR: 0.000500 Time: 2592.2s
Epoch [4] Batch [1410/1607] Loss: 0.0239 LR: 0.000500 Time: 2610.6s
Epoch [4] Batch [1420/1607] Loss: 0.0145 LR: 0.000500 Time: 2628.9s
Epoch [4] Batch [1430/1607] Loss: 0.0319 LR: 0.000500 Time: 2647.2s
Epoch [4] Batch [1440/1607] Loss: 0.0131 LR: 0.000500 Time: 2665.4s
Epoch [4] Batch [1450/1607] Loss: 0.0111 LR: 0.000500 Time: 2683.8s
Epoch [4] Batch [1460/1607] Loss: 0.0395 LR: 0.000500 Time: 2702.2s
Epoch [4] Batch [1470/1607] Loss: 0.0062 LR: 0.000500 Time: 2720.8s
Epoch [4] Batch [1480/1607] Loss: 0.0858 LR: 0.000500 Time: 2739.3s
Epoch [4] Batch [1490/1607] Loss: 0.0071 LR: 0.000500 Time: 2757.7s
Epoch [4] Batch [1500/1607] Loss: 0.0290 LR: 0.000500 Time: 2776.2s
Epoch [4] Batch [1510/1607] Loss: 0.0298 LR: 0.000500 Time: 2794.7s
Epoch [4] Batch [1520/1607] Loss: 0.0019 LR: 0.000500 Time: 2813.0s
Epoch [4] Batch [1530/1607] Loss: 0.0129 LR: 0.000500 Time: 2831.3s
Epoch [4] Batch [1540/1607] Loss: 0.0336 LR: 0.000500 Time: 2849.6s
Epoch [4] Batch [1550/1607] Loss: 0.0085 LR: 0.000500 Time: 2867.9s
Epoch [4] Batch [1560/1607] Loss: 0.0214 LR: 0.000500 Time: 2886.2s
Epoch [4] Batch [1570/1607] Loss: 0.0215 LR: 0.000500 Time: 2904.5s
Epoch [4] Batch [1580/1607] Loss: 0.0023 LR: 0.000500 Time: 2922.8s
Epoch [4] Batch [1590/1607] Loss: 0.0364 LR: 0.000500 Time: 2941.1s
Epoch [4] Batch [1600/1607] Loss: 0.0087 LR: 0.000500 Time: 2959.4s
[INFO] Saved checkpoint: output/checkpoint_epoch_4.pth
[INFO] Saved best checkpoint: output/checkpoint_best.pth

============================================================
EPOCH 6/10
============================================================
Epoch [5] Batch [0/1607] Loss: 0.0175 LR: 0.000500 Time: 1.9s
Epoch [5] Batch [10/1607] Loss: 0.0137 LR: 0.000500 Time: 20.5s
Epoch [5] Batch [20/1607] Loss: 0.0084 LR: 0.000500 Time: 38.7s
Epoch [5] Batch [30/1607] Loss: 0.0240 LR: 0.000500 Time: 57.0s
Epoch [5] Batch [40/1607] Loss: 0.0013 LR: 0.000500 Time: 75.3s
Epoch [5] Batch [50/1607] Loss: 0.0151 LR: 0.000500 Time: 93.6s
Epoch [5] Batch [60/1607] Loss: 0.0225 LR: 0.000500 Time: 111.9s
Epoch [5] Batch [70/1607] Loss: 0.0027 LR: 0.000500 Time: 130.2s
Epoch [5] Batch [80/1607] Loss: 0.0500 LR: 0.000500 Time: 148.5s
Epoch [5] Batch [90/1607] Loss: 0.0015 LR: 0.000500 Time: 166.8s
Epoch [5] Batch [100/1607] Loss: 0.0013 LR: 0.000500 Time: 185.1s
Epoch [5] Batch [110/1607] Loss: 0.0331 LR: 0.000500 Time: 203.3s
Epoch [5] Batch [120/1607] Loss: 0.0016 LR: 0.000500 Time: 221.7s
Epoch [5] Batch [130/1607] Loss: 0.0215 LR: 0.000500 Time: 239.9s
Epoch [5] Batch [140/1607] Loss: 0.0104 LR: 0.000500 Time: 258.2s
Epoch [5] Batch [150/1607] Loss: 0.0426 LR: 0.000500 Time: 276.5s
Epoch [5] Batch [160/1607] Loss: 0.0219 LR: 0.000500 Time: 294.8s
Epoch [5] Batch [170/1607] Loss: 0.0032 LR: 0.000500 Time: 313.1s
Epoch [5] Batch [180/1607] Loss: 0.0250 LR: 0.000500 Time: 331.4s
Epoch [5] Batch [190/1607] Loss: 0.0347 LR: 0.000500 Time: 349.7s
Epoch [5] Batch [200/1607] Loss: 0.0146 LR: 0.000500 Time: 368.0s
Epoch [5] Batch [210/1607] Loss: 0.0179 LR: 0.000500 Time: 386.2s
Epoch [5] Batch [220/1607] Loss: 0.0221 LR: 0.000500 Time: 404.6s
Epoch [5] Batch [230/1607] Loss: 0.0136 LR: 0.000500 Time: 422.9s
Epoch [5] Batch [240/1607] Loss: 0.0250 LR: 0.000500 Time: 441.2s
Epoch [5] Batch [250/1607] Loss: 0.0472 LR: 0.000500 Time: 459.5s
Epoch [5] Batch [260/1607] Loss: 0.0413 LR: 0.000500 Time: 477.8s
Epoch [5] Batch [270/1607] Loss: 0.0252 LR: 0.000500 Time: 496.1s
Epoch [5] Batch [280/1607] Loss: 0.0405 LR: 0.000500 Time: 514.4s
Epoch [5] Batch [290/1607] Loss: 0.0199 LR: 0.000500 Time: 532.7s
Epoch [5] Batch [300/1607] Loss: 0.0092 LR: 0.000500 Time: 551.0s
Epoch [5] Batch [310/1607] Loss: 0.0277 LR: 0.000500 Time: 569.2s
Epoch [5] Batch [320/1607] Loss: 0.0086 LR: 0.000500 Time: 587.5s
Epoch [5] Batch [330/1607] Loss: 0.0095 LR: 0.000500 Time: 605.8s
Epoch [5] Batch [340/1607] Loss: 0.0248 LR: 0.000500 Time: 624.1s
Epoch [5] Batch [350/1607] Loss: 0.0024 LR: 0.000500 Time: 642.4s
Epoch [5] Batch [360/1607] Loss: 0.0177 LR: 0.000500 Time: 660.7s
Epoch [5] Batch [370/1607] Loss: 0.0182 LR: 0.000500 Time: 679.0s
Epoch [5] Batch [380/1607] Loss: 0.0036 LR: 0.000500 Time: 697.3s
Epoch [5] Batch [390/1607] Loss: 0.0129 LR: 0.000500 Time: 715.6s
Epoch [5] Batch [400/1607] Loss: 0.0350 LR: 0.000500 Time: 733.9s
Epoch [5] Batch [410/1607] Loss: 0.0090 LR: 0.000500 Time: 752.2s
Epoch [5] Batch [420/1607] Loss: 0.0372 LR: 0.000500 Time: 770.5s
Epoch [5] Batch [430/1607] Loss: 0.0363 LR: 0.000500 Time: 788.9s
Epoch [5] Batch [440/1607] Loss: 0.0355 LR: 0.000500 Time: 807.9s
Epoch [5] Batch [450/1607] Loss: 0.0281 LR: 0.000500 Time: 827.2s
Epoch [5] Batch [460/1607] Loss: 0.0010 LR: 0.000500 Time: 845.4s
Epoch [5] Batch [470/1607] Loss: 0.0222 LR: 0.000500 Time: 863.7s
Epoch [5] Batch [480/1607] Loss: 0.0209 LR: 0.000500 Time: 881.9s
Epoch [5] Batch [490/1607] Loss: 0.0324 LR: 0.000500 Time: 900.2s
Epoch [5] Batch [500/1607] Loss: 0.0187 LR: 0.000500 Time: 918.4s
Epoch [5] Batch [510/1607] Loss: 0.0558 LR: 0.000500 Time: 936.7s
Epoch [5] Batch [520/1607] Loss: 0.0301 LR: 0.000500 Time: 954.9s
Epoch [5] Batch [530/1607] Loss: 0.0366 LR: 0.000500 Time: 973.2s
Epoch [5] Batch [540/1607] Loss: 0.0179 LR: 0.000500 Time: 991.4s
Epoch [5] Batch [550/1607] Loss: 0.0184 LR: 0.000500 Time: 1009.7s
Epoch [5] Batch [560/1607] Loss: 0.0101 LR: 0.000500 Time: 1027.9s
Epoch [5] Batch [570/1607] Loss: 0.0023 LR: 0.000500 Time: 1046.2s
Epoch [5] Batch [580/1607] Loss: 0.0216 LR: 0.000500 Time: 1064.4s
Epoch [5] Batch [590/1607] Loss: 0.0026 LR: 0.000500 Time: 1082.7s
Epoch [5] Batch [600/1607] Loss: 0.0100 LR: 0.000500 Time: 1100.9s
Epoch [5] Batch [610/1607] Loss: 0.0111 LR: 0.000500 Time: 1119.2s
Epoch [5] Batch [620/1607] Loss: 0.0073 LR: 0.000500 Time: 1137.5s
Epoch [5] Batch [630/1607] Loss: 0.0015 LR: 0.000500 Time: 1155.8s
Epoch [5] Batch [640/1607] Loss: 0.0642 LR: 0.000500 Time: 1174.1s
Epoch [5] Batch [650/1607] Loss: 0.0082 LR: 0.000500 Time: 1192.5s
Epoch [5] Batch [660/1607] Loss: 0.0331 LR: 0.000500 Time: 1210.7s
Epoch [5] Batch [670/1607] Loss: 0.0341 LR: 0.000500 Time: 1228.9s
Epoch [5] Batch [680/1607] Loss: 0.0468 LR: 0.000500 Time: 1247.2s
Epoch [5] Batch [690/1607] Loss: 0.0376 LR: 0.000500 Time: 1265.5s
Epoch [5] Batch [700/1607] Loss: 0.0256 LR: 0.000500 Time: 1283.9s
Epoch [5] Batch [710/1607] Loss: 0.0132 LR: 0.000500 Time: 1302.2s
Epoch [5] Batch [720/1607] Loss: 0.0198 LR: 0.000500 Time: 1320.4s
Epoch [5] Batch [730/1607] Loss: 0.0226 LR: 0.000500 Time: 1338.8s
Epoch [5] Batch [740/1607] Loss: 0.0209 LR: 0.000500 Time: 1357.0s
Epoch [5] Batch [750/1607] Loss: 0.0166 LR: 0.000500 Time: 1375.4s
Epoch [5] Batch [760/1607] Loss: 0.0189 LR: 0.000500 Time: 1393.6s
Epoch [5] Batch [770/1607] Loss: 0.0163 LR: 0.000500 Time: 1411.9s
Epoch [5] Batch [780/1607] Loss: 0.0655 LR: 0.000500 Time: 1430.2s
Epoch [5] Batch [790/1607] Loss: 0.0189 LR: 0.000500 Time: 1448.5s
Epoch [5] Batch [800/1607] Loss: 0.0283 LR: 0.000500 Time: 1466.8s
Epoch [5] Batch [810/1607] Loss: 0.0312 LR: 0.000500 Time: 1485.1s
Epoch [5] Batch [820/1607] Loss: 0.0115 LR: 0.000500 Time: 1503.4s
Epoch [5] Batch [830/1607] Loss: 0.0049 LR: 0.000500 Time: 1521.7s
Epoch [5] Batch [840/1607] Loss: 0.0424 LR: 0.000500 Time: 1540.0s
Epoch [5] Batch [850/1607] Loss: 0.0122 LR: 0.000500 Time: 1558.3s
Epoch [5] Batch [860/1607] Loss: 0.0218 LR: 0.000500 Time: 1576.6s
Epoch [5] Batch [870/1607] Loss: 0.0217 LR: 0.000500 Time: 1594.9s
Epoch [5] Batch [880/1607] Loss: 0.0125 LR: 0.000500 Time: 1613.2s
Epoch [5] Batch [890/1607] Loss: 0.0286 LR: 0.000500 Time: 1631.5s
Epoch [5] Batch [900/1607] Loss: 0.0120 LR: 0.000500 Time: 1649.8s
Epoch [5] Batch [910/1607] Loss: 0.0453 LR: 0.000500 Time: 1668.1s
Epoch [5] Batch [920/1607] Loss: 0.0023 LR: 0.000500 Time: 1686.4s
Epoch [5] Batch [930/1607] Loss: 0.0129 LR: 0.000500 Time: 1704.7s
Epoch [5] Batch [940/1607] Loss: 0.0020 LR: 0.000500 Time: 1722.9s
Epoch [5] Batch [950/1607] Loss: 0.0142 LR: 0.000500 Time: 1741.2s
Epoch [5] Batch [960/1607] Loss: 0.0650 LR: 0.000500 Time: 1759.5s
Epoch [5] Batch [970/1607] Loss: 0.0310 LR: 0.000500 Time: 1777.8s
Epoch [5] Batch [980/1607] Loss: 0.0013 LR: 0.000500 Time: 1796.1s
Epoch [5] Batch [990/1607] Loss: 0.0011 LR: 0.000500 Time: 1814.4s
Epoch [5] Batch [1000/1607] Loss: 0.0223 LR: 0.000500 Time: 1832.7s
Epoch [5] Batch [1010/1607] Loss: 0.0016 LR: 0.000500 Time: 1851.0s
Epoch [5] Batch [1020/1607] Loss: 0.0241 LR: 0.000500 Time: 1869.3s
Epoch [5] Batch [1030/1607] Loss: 0.0226 LR: 0.000500 Time: 1887.6s
Epoch [5] Batch [1040/1607] Loss: 0.0264 LR: 0.000500 Time: 1905.9s
Epoch [5] Batch [1050/1607] Loss: 0.0353 LR: 0.000500 Time: 1924.2s
Epoch [5] Batch [1060/1607] Loss: 0.0019 LR: 0.000500 Time: 1942.5s
Epoch [5] Batch [1070/1607] Loss: 0.0184 LR: 0.000500 Time: 1960.8s
Epoch [5] Batch [1080/1607] Loss: 0.0289 LR: 0.000500 Time: 1979.1s
Epoch [5] Batch [1090/1607] Loss: 0.0288 LR: 0.000500 Time: 1997.4s
Epoch [5] Batch [1100/1607] Loss: 0.0321 LR: 0.000500 Time: 2015.7s
Epoch [5] Batch [1110/1607] Loss: 0.0105 LR: 0.000500 Time: 2034.0s
Epoch [5] Batch [1120/1607] Loss: 0.0444 LR: 0.000500 Time: 2052.3s
Epoch [5] Batch [1130/1607] Loss: 0.0253 LR: 0.000500 Time: 2070.6s
Epoch [5] Batch [1140/1607] Loss: 0.0106 LR: 0.000500 Time: 2088.9s
Epoch [5] Batch [1150/1607] Loss: 0.0020 LR: 0.000500 Time: 2107.1s
Epoch [5] Batch [1160/1607] Loss: 0.0066 LR: 0.000500 Time: 2125.4s
Epoch [5] Batch [1170/1607] Loss: 0.0107 LR: 0.000500 Time: 2143.7s
Epoch [5] Batch [1180/1607] Loss: 0.0359 LR: 0.000500 Time: 2162.0s
Epoch [5] Batch [1190/1607] Loss: 0.0307 LR: 0.000500 Time: 2181.1s
Epoch [5] Batch [1200/1607] Loss: 0.0364 LR: 0.000500 Time: 2199.7s
Epoch [5] Batch [1210/1607] Loss: 0.0203 LR: 0.000500 Time: 2217.9s
Epoch [5] Batch [1220/1607] Loss: 0.0160 LR: 0.000500 Time: 2236.2s
Epoch [5] Batch [1230/1607] Loss: 0.0076 LR: 0.000500 Time: 2254.4s
Epoch [5] Batch [1240/1607] Loss: 0.0023 LR: 0.000500 Time: 2272.6s
Epoch [5] Batch [1250/1607] Loss: 0.0219 LR: 0.000500 Time: 2290.9s
Epoch [5] Batch [1260/1607] Loss: 0.0254 LR: 0.000500 Time: 2309.1s
Epoch [5] Batch [1270/1607] Loss: 0.0229 LR: 0.000500 Time: 2327.3s
Epoch [5] Batch [1280/1607] Loss: 0.0208 LR: 0.000500 Time: 2345.6s
Epoch [5] Batch [1290/1607] Loss: 0.0291 LR: 0.000500 Time: 2363.8s
Epoch [5] Batch [1300/1607] Loss: 0.0441 LR: 0.000500 Time: 2382.1s
Epoch [5] Batch [1310/1607] Loss: 0.0266 LR: 0.000500 Time: 2400.4s
Epoch [5] Batch [1320/1607] Loss: 0.0028 LR: 0.000500 Time: 2418.7s
Epoch [5] Batch [1330/1607] Loss: 0.0432 LR: 0.000500 Time: 2437.0s
Epoch [5] Batch [1340/1607] Loss: 0.0095 LR: 0.000500 Time: 2455.2s
Epoch [5] Batch [1350/1607] Loss: 0.0141 LR: 0.000500 Time: 2473.5s
Epoch [5] Batch [1360/1607] Loss: 0.0018 LR: 0.000500 Time: 2491.8s
Epoch [5] Batch [1370/1607] Loss: 0.0016 LR: 0.000500 Time: 2510.1s
Epoch [5] Batch [1380/1607] Loss: 0.0211 LR: 0.000500 Time: 2528.4s
Epoch [5] Batch [1390/1607] Loss: 0.0321 LR: 0.000500 Time: 2546.6s
Epoch [5] Batch [1400/1607] Loss: 0.0392 LR: 0.000500 Time: 2564.9s
Epoch [5] Batch [1410/1607] Loss: 0.0104 LR: 0.000500 Time: 2583.2s
Epoch [5] Batch [1420/1607] Loss: 0.0382 LR: 0.000500 Time: 2601.5s
Epoch [5] Batch [1430/1607] Loss: 0.0172 LR: 0.000500 Time: 2619.8s
Epoch [5] Batch [1440/1607] Loss: 0.0082 LR: 0.000500 Time: 2638.1s
Epoch [5] Batch [1450/1607] Loss: 0.0320 LR: 0.000500 Time: 2656.4s
Epoch [5] Batch [1460/1607] Loss: 0.0109 LR: 0.000500 Time: 2674.7s
Epoch [5] Batch [1470/1607] Loss: 0.0368 LR: 0.000500 Time: 2693.0s
Epoch [5] Batch [1480/1607] Loss: 0.0460 LR: 0.000500 Time: 2711.3s
Epoch [5] Batch [1490/1607] Loss: 0.0113 LR: 0.000500 Time: 2729.5s
Epoch [5] Batch [1500/1607] Loss: 0.0051 LR: 0.000500 Time: 2747.8s
Epoch [5] Batch [1510/1607] Loss: 0.0336 LR: 0.000500 Time: 2766.1s
Epoch [5] Batch [1520/1607] Loss: 0.0170 LR: 0.000500 Time: 2784.4s
Epoch [5] Batch [1530/1607] Loss: 0.0360 LR: 0.000500 Time: 2802.7s
Epoch [5] Batch [1540/1607] Loss: 0.0188 LR: 0.000500 Time: 2821.0s
Epoch [5] Batch [1550/1607] Loss: 0.0092 LR: 0.000500 Time: 2839.3s
Epoch [5] Batch [1560/1607] Loss: 0.0431 LR: 0.000500 Time: 2857.6s
Epoch [5] Batch [1570/1607] Loss: 0.0104 LR: 0.000500 Time: 2876.0s
Epoch [5] Batch [1580/1607] Loss: 0.0041 LR: 0.000500 Time: 2894.3s
Epoch [5] Batch [1590/1607] Loss: 0.0255 LR: 0.000500 Time: 2912.5s
Epoch [5] Batch [1600/1607] Loss: 0.0413 LR: 0.000500 Time: 2930.8s
[INFO] Saved checkpoint: output/checkpoint_epoch_5.pth
[INFO] Saved best checkpoint: output/checkpoint_best.pth

============================================================
EPOCH 7/10
============================================================
Epoch [6] Batch [0/1607] Loss: 0.0430 LR: 0.000050 Time: 2.0s
Epoch [6] Batch [10/1607] Loss: 0.0455 LR: 0.000050 Time: 20.5s
Epoch [6] Batch [20/1607] Loss: 0.0151 LR: 0.000050 Time: 38.8s
Epoch [6] Batch [30/1607] Loss: 0.0298 LR: 0.000050 Time: 57.0s
Epoch [6] Batch [40/1607] Loss: 0.0180 LR: 0.000050 Time: 75.3s
Epoch [6] Batch [50/1607] Loss: 0.0101 LR: 0.000050 Time: 93.6s
Epoch [6] Batch [60/1607] Loss: 0.0136 LR: 0.000050 Time: 111.9s
Epoch [6] Batch [70/1607] Loss: 0.0198 LR: 0.000050 Time: 130.2s
Epoch [6] Batch [80/1607] Loss: 0.0016 LR: 0.000050 Time: 148.5s
Epoch [6] Batch [90/1607] Loss: 0.0116 LR: 0.000050 Time: 166.8s
Epoch [6] Batch [100/1607] Loss: 0.0312 LR: 0.000050 Time: 185.1s
Epoch [6] Batch [110/1607] Loss: 0.0169 LR: 0.000050 Time: 203.4s
Epoch [6] Batch [120/1607] Loss: 0.0235 LR: 0.000050 Time: 221.7s
Epoch [6] Batch [130/1607] Loss: 0.0308 LR: 0.000050 Time: 239.9s
Epoch [6] Batch [140/1607] Loss: 0.0297 LR: 0.000050 Time: 258.2s
Epoch [6] Batch [150/1607] Loss: 0.0011 LR: 0.000050 Time: 276.5s
Epoch [6] Batch [160/1607] Loss: 0.0132 LR: 0.000050 Time: 295.4s
Epoch [6] Batch [170/1607] Loss: 0.0140 LR: 0.000050 Time: 313.9s
Epoch [6] Batch [180/1607] Loss: 0.0248 LR: 0.000050 Time: 332.2s
Epoch [6] Batch [190/1607] Loss: 0.0144 LR: 0.000050 Time: 350.5s
Epoch [6] Batch [200/1607] Loss: 0.0467 LR: 0.000050 Time: 368.7s
Epoch [6] Batch [210/1607] Loss: 0.0626 LR: 0.000050 Time: 386.9s
Epoch [6] Batch [220/1607] Loss: 0.0022 LR: 0.000050 Time: 405.2s
Epoch [6] Batch [230/1607] Loss: 0.0079 LR: 0.000050 Time: 423.4s
Epoch [6] Batch [240/1607] Loss: 0.0156 LR: 0.000050 Time: 441.6s
Epoch [6] Batch [250/1607] Loss: 0.0014 LR: 0.000050 Time: 459.9s
Epoch [6] Batch [260/1607] Loss: 0.0283 LR: 0.000050 Time: 478.1s
Epoch [6] Batch [270/1607] Loss: 0.0165 LR: 0.000050 Time: 496.3s
Epoch [6] Batch [280/1607] Loss: 0.0039 LR: 0.000050 Time: 514.6s
Epoch [6] Batch [290/1607] Loss: 0.0098 LR: 0.000050 Time: 532.8s
Epoch [6] Batch [300/1607] Loss: 0.0214 LR: 0.000050 Time: 551.0s
Epoch [6] Batch [310/1607] Loss: 0.0304 LR: 0.000050 Time: 569.2s
Epoch [6] Batch [320/1607] Loss: 0.0151 LR: 0.000050 Time: 587.5s
Epoch [6] Batch [330/1607] Loss: 0.0024 LR: 0.000050 Time: 605.8s
Epoch [6] Batch [340/1607] Loss: 0.0015 LR: 0.000050 Time: 624.5s
Epoch [6] Batch [350/1607] Loss: 0.0363 LR: 0.000050 Time: 642.8s
Epoch [6] Batch [360/1607] Loss: 0.0103 LR: 0.000050 Time: 661.0s
Epoch [6] Batch [370/1607] Loss: 0.0147 LR: 0.000050 Time: 679.2s
Epoch [6] Batch [380/1607] Loss: 0.0034 LR: 0.000050 Time: 697.4s
Epoch [6] Batch [390/1607] Loss: 0.0204 LR: 0.000050 Time: 715.6s
Epoch [6] Batch [400/1607] Loss: 0.0374 LR: 0.000050 Time: 733.9s
Epoch [6] Batch [410/1607] Loss: 0.0151 LR: 0.000050 Time: 752.1s
Epoch [6] Batch [420/1607] Loss: 0.0027 LR: 0.000050 Time: 770.5s
Epoch [6] Batch [430/1607] Loss: 0.0464 LR: 0.000050 Time: 788.7s
Epoch [6] Batch [440/1607] Loss: 0.0568 LR: 0.000050 Time: 807.0s
Epoch [6] Batch [450/1607] Loss: 0.0500 LR: 0.000050 Time: 825.3s
Epoch [6] Batch [460/1607] Loss: 0.0225 LR: 0.000050 Time: 843.6s
Epoch [6] Batch [470/1607] Loss: 0.0091 LR: 0.000050 Time: 861.8s
Epoch [6] Batch [480/1607] Loss: 0.0282 LR: 0.000050 Time: 880.1s
Epoch [6] Batch [490/1607] Loss: 0.0195 LR: 0.000050 Time: 898.4s
Epoch [6] Batch [500/1607] Loss: 0.0131 LR: 0.000050 Time: 916.7s
Epoch [6] Batch [510/1607] Loss: 0.0250 LR: 0.000050 Time: 935.1s
Epoch [6] Batch [520/1607] Loss: 0.0268 LR: 0.000050 Time: 953.4s
Epoch [6] Batch [530/1607] Loss: 0.0113 LR: 0.000050 Time: 971.6s
Epoch [6] Batch [540/1607] Loss: 0.0089 LR: 0.000050 Time: 989.8s
Epoch [6] Batch [550/1607] Loss: 0.0284 LR: 0.000050 Time: 1008.1s
Epoch [6] Batch [560/1607] Loss: 0.0497 LR: 0.000050 Time: 1026.4s
Epoch [6] Batch [570/1607] Loss: 0.0016 LR: 0.000050 Time: 1044.7s
Epoch [6] Batch [580/1607] Loss: 0.0148 LR: 0.000050 Time: 1063.0s
Epoch [6] Batch [590/1607] Loss: 0.0022 LR: 0.000050 Time: 1081.2s
Epoch [6] Batch [600/1607] Loss: 0.0063 LR: 0.000050 Time: 1099.5s
Epoch [6] Batch [610/1607] Loss: 0.0147 LR: 0.000050 Time: 1117.9s
Epoch [6] Batch [620/1607] Loss: 0.0101 LR: 0.000050 Time: 1136.2s
Epoch [6] Batch [630/1607] Loss: 0.0271 LR: 0.000050 Time: 1154.5s
Epoch [6] Batch [640/1607] Loss: 0.0027 LR: 0.000050 Time: 1172.8s
Epoch [6] Batch [650/1607] Loss: 0.0189 LR: 0.000050 Time: 1191.1s
Epoch [6] Batch [660/1607] Loss: 0.0094 LR: 0.000050 Time: 1209.4s
Epoch [6] Batch [670/1607] Loss: 0.0306 LR: 0.000050 Time: 1227.7s
Epoch [6] Batch [680/1607] Loss: 0.0017 LR: 0.000050 Time: 1246.0s
Epoch [6] Batch [690/1607] Loss: 0.0225 LR: 0.000050 Time: 1264.4s
Epoch [6] Batch [700/1607] Loss: 0.0567 LR: 0.000050 Time: 1282.7s
Epoch [6] Batch [710/1607] Loss: 0.0133 LR: 0.000050 Time: 1300.9s
Epoch [6] Batch [720/1607] Loss: 0.0093 LR: 0.000050 Time: 1319.2s
Epoch [6] Batch [730/1607] Loss: 0.0205 LR: 0.000050 Time: 1337.5s
Epoch [6] Batch [740/1607] Loss: 0.0172 LR: 0.000050 Time: 1355.8s
Epoch [6] Batch [750/1607] Loss: 0.0287 LR: 0.000050 Time: 1374.1s
Epoch [6] Batch [760/1607] Loss: 0.0117 LR: 0.000050 Time: 1392.4s
Epoch [6] Batch [770/1607] Loss: 0.0205 LR: 0.000050 Time: 1410.7s
Epoch [6] Batch [780/1607] Loss: 0.0307 LR: 0.000050 Time: 1429.0s
Epoch [6] Batch [790/1607] Loss: 0.0207 LR: 0.000050 Time: 1447.2s
Epoch [6] Batch [800/1607] Loss: 0.0390 LR: 0.000050 Time: 1465.5s
Epoch [6] Batch [810/1607] Loss: 0.0011 LR: 0.000050 Time: 1483.8s
Epoch [6] Batch [820/1607] Loss: 0.0351 LR: 0.000050 Time: 1502.1s
Epoch [6] Batch [830/1607] Loss: 0.0438 LR: 0.000050 Time: 1520.4s
Epoch [6] Batch [840/1607] Loss: 0.0231 LR: 0.000050 Time: 1538.7s
Epoch [6] Batch [850/1607] Loss: 0.0313 LR: 0.000050 Time: 1557.0s
Epoch [6] Batch [860/1607] Loss: 0.0012 LR: 0.000050 Time: 1575.3s
Epoch [6] Batch [870/1607] Loss: 0.0021 LR: 0.000050 Time: 1593.7s
Epoch [6] Batch [880/1607] Loss: 0.0401 LR: 0.000050 Time: 1612.1s
Epoch [6] Batch [890/1607] Loss: 0.0183 LR: 0.000050 Time: 1630.5s
Epoch [6] Batch [900/1607] Loss: 0.0441 LR: 0.000050 Time: 1648.9s
Epoch [6] Batch [910/1607] Loss: 0.0330 LR: 0.000050 Time: 1667.2s
Epoch [6] Batch [920/1607] Loss: 0.0370 LR: 0.000050 Time: 1685.6s
Epoch [6] Batch [930/1607] Loss: 0.0420 LR: 0.000050 Time: 1704.1s
Epoch [6] Batch [940/1607] Loss: 0.0413 LR: 0.000050 Time: 1722.8s
Epoch [6] Batch [950/1607] Loss: 0.0317 LR: 0.000050 Time: 1741.3s
Epoch [6] Batch [960/1607] Loss: 0.0208 LR: 0.000050 Time: 1759.5s
Epoch [6] Batch [970/1607] Loss: 0.0177 LR: 0.000050 Time: 1777.7s
Epoch [6] Batch [980/1607] Loss: 0.0094 LR: 0.000050 Time: 1795.9s
Epoch [6] Batch [990/1607] Loss: 0.0329 LR: 0.000050 Time: 1814.2s
Epoch [6] Batch [1000/1607] Loss: 0.0029 LR: 0.000050 Time: 1832.4s
Epoch [6] Batch [1010/1607] Loss: 0.0179 LR: 0.000050 Time: 1850.7s
Epoch [6] Batch [1020/1607] Loss: 0.0387 LR: 0.000050 Time: 1868.9s
Epoch [6] Batch [1030/1607] Loss: 0.0381 LR: 0.000050 Time: 1887.1s
Epoch [6] Batch [1040/1607] Loss: 0.0021 LR: 0.000050 Time: 1905.3s
Epoch [6] Batch [1050/1607] Loss: 0.0220 LR: 0.000050 Time: 1923.5s
Epoch [6] Batch [1060/1607] Loss: 0.0123 LR: 0.000050 Time: 1941.7s
Epoch [6] Batch [1070/1607] Loss: 0.0553 LR: 0.000050 Time: 1959.9s
Epoch [6] Batch [1080/1607] Loss: 0.0349 LR: 0.000050 Time: 1978.3s
Epoch [6] Batch [1090/1607] Loss: 0.0268 LR: 0.000050 Time: 1996.8s
Epoch [6] Batch [1100/1607] Loss: 0.0025 LR: 0.000050 Time: 2015.0s
Epoch [6] Batch [1110/1607] Loss: 0.0290 LR: 0.000050 Time: 2033.7s
Epoch [6] Batch [1120/1607] Loss: 0.0188 LR: 0.000050 Time: 2052.5s
Epoch [6] Batch [1130/1607] Loss: 0.0190 LR: 0.000050 Time: 2070.8s
Epoch [6] Batch [1140/1607] Loss: 0.0099 LR: 0.000050 Time: 2089.1s
Epoch [6] Batch [1150/1607] Loss: 0.0128 LR: 0.000050 Time: 2107.3s
Epoch [6] Batch [1160/1607] Loss: 0.0015 LR: 0.000050 Time: 2125.5s
Epoch [6] Batch [1170/1607] Loss: 0.0249 LR: 0.000050 Time: 2143.7s
Epoch [6] Batch [1180/1607] Loss: 0.0590 LR: 0.000050 Time: 2162.0s
Epoch [6] Batch [1190/1607] Loss: 0.0357 LR: 0.000050 Time: 2180.2s
Epoch [6] Batch [1200/1607] Loss: 0.0362 LR: 0.000050 Time: 2198.4s
Epoch [6] Batch [1210/1607] Loss: 0.0392 LR: 0.000050 Time: 2216.6s
Epoch [6] Batch [1220/1607] Loss: 0.0130 LR: 0.000050 Time: 2234.9s
Epoch [6] Batch [1230/1607] Loss: 0.0523 LR: 0.000050 Time: 2253.1s
Epoch [6] Batch [1240/1607] Loss: 0.0154 LR: 0.000050 Time: 2271.3s
Epoch [6] Batch [1250/1607] Loss: 0.0373 LR: 0.000050 Time: 2289.7s
Epoch [6] Batch [1260/1607] Loss: 0.0243 LR: 0.000050 Time: 2307.9s
Epoch [6] Batch [1270/1607] Loss: 0.0241 LR: 0.000050 Time: 2326.1s
Epoch [6] Batch [1280/1607] Loss: 0.0187 LR: 0.000050 Time: 2344.4s
Epoch [6] Batch [1290/1607] Loss: 0.0294 LR: 0.000050 Time: 2362.6s
Epoch [6] Batch [1300/1607] Loss: 0.0294 LR: 0.000050 Time: 2380.8s
Epoch [6] Batch [1310/1607] Loss: 0.0225 LR: 0.000050 Time: 2399.1s
Epoch [6] Batch [1320/1607] Loss: 0.0149 LR: 0.000050 Time: 2417.4s
Epoch [6] Batch [1330/1607] Loss: 0.0271 LR: 0.000050 Time: 2435.6s
Epoch [6] Batch [1340/1607] Loss: 0.0026 LR: 0.000050 Time: 2453.9s
Epoch [6] Batch [1350/1607] Loss: 0.0021 LR: 0.000050 Time: 2472.2s
Epoch [6] Batch [1360/1607] Loss: 0.0099 LR: 0.000050 Time: 2490.5s
Epoch [6] Batch [1370/1607] Loss: 0.0217 LR: 0.000050 Time: 2508.7s
Epoch [6] Batch [1380/1607] Loss: 0.0094 LR: 0.000050 Time: 2527.0s
Epoch [6] Batch [1390/1607] Loss: 0.0381 LR: 0.000050 Time: 2545.3s
Epoch [6] Batch [1400/1607] Loss: 0.0554 LR: 0.000050 Time: 2563.6s
Epoch [6] Batch [1410/1607] Loss: 0.0257 LR: 0.000050 Time: 2581.8s
Epoch [6] Batch [1420/1607] Loss: 0.0445 LR: 0.000050 Time: 2600.1s
Epoch [6] Batch [1430/1607] Loss: 0.0025 LR: 0.000050 Time: 2618.4s
Epoch [6] Batch [1440/1607] Loss: 0.0371 LR: 0.000050 Time: 2636.7s
Epoch [6] Batch [1450/1607] Loss: 0.0262 LR: 0.000050 Time: 2654.9s
Epoch [6] Batch [1460/1607] Loss: 0.0356 LR: 0.000050 Time: 2673.2s
Epoch [6] Batch [1470/1607] Loss: 0.0172 LR: 0.000050 Time: 2691.5s
Epoch [6] Batch [1480/1607] Loss: 0.0177 LR: 0.000050 Time: 2709.8s
Epoch [6] Batch [1490/1607] Loss: 0.0179 LR: 0.000050 Time: 2728.1s
Epoch [6] Batch [1500/1607] Loss: 0.0273 LR: 0.000050 Time: 2746.3s
Epoch [6] Batch [1510/1607] Loss: 0.0086 LR: 0.000050 Time: 2764.6s
Epoch [6] Batch [1520/1607] Loss: 0.0208 LR: 0.000050 Time: 2782.9s
Epoch [6] Batch [1530/1607] Loss: 0.0149 LR: 0.000050 Time: 2801.2s
Epoch [6] Batch [1540/1607] Loss: 0.0078 LR: 0.000050 Time: 2819.4s
Epoch [6] Batch [1550/1607] Loss: 0.0030 LR: 0.000050 Time: 2837.7s
Epoch [6] Batch [1560/1607] Loss: 0.0812 LR: 0.000050 Time: 2856.0s
Epoch [6] Batch [1570/1607] Loss: 0.0371 LR: 0.000050 Time: 2874.3s
Epoch [6] Batch [1580/1607] Loss: 0.0026 LR: 0.000050 Time: 2892.6s
Epoch [6] Batch [1590/1607] Loss: 0.0559 LR: 0.000050 Time: 2910.8s
Epoch [6] Batch [1600/1607] Loss: 0.0300 LR: 0.000050 Time: 2929.1s
[INFO] Saved checkpoint: output/checkpoint_epoch_6.pth
[INFO] Saved best checkpoint: output/checkpoint_best.pth

============================================================
EPOCH 8/10
============================================================
Epoch [7] Batch [0/1607] Loss: 0.0276 LR: 0.000050 Time: 2.0s
Epoch [7] Batch [10/1607] Loss: 0.0025 LR: 0.000050 Time: 20.4s
Epoch [7] Batch [20/1607] Loss: 0.0300 LR: 0.000050 Time: 38.7s
Epoch [7] Batch [30/1607] Loss: 0.0109 LR: 0.000050 Time: 57.0s
Epoch [7] Batch [40/1607] Loss: 0.0241 LR: 0.000050 Time: 75.3s
Epoch [7] Batch [50/1607] Loss: 0.0023 LR: 0.000050 Time: 93.6s
Epoch [7] Batch [60/1607] Loss: 0.0169 LR: 0.000050 Time: 111.9s
Epoch [7] Batch [70/1607] Loss: 0.0011 LR: 0.000050 Time: 130.1s
Epoch [7] Batch [80/1607] Loss: 0.0187 LR: 0.000050 Time: 148.4s
Epoch [7] Batch [90/1607] Loss: 0.0025 LR: 0.000050 Time: 166.7s
Epoch [7] Batch [100/1607] Loss: 0.0411 LR: 0.000050 Time: 185.0s
Epoch [7] Batch [110/1607] Loss: 0.0350 LR: 0.000050 Time: 203.2s
Epoch [7] Batch [120/1607] Loss: 0.0528 LR: 0.000050 Time: 221.5s
Epoch [7] Batch [130/1607] Loss: 0.0175 LR: 0.000050 Time: 239.8s
Epoch [7] Batch [140/1607] Loss: 0.0230 LR: 0.000050 Time: 258.1s
Epoch [7] Batch [150/1607] Loss: 0.0099 LR: 0.000050 Time: 276.6s
Epoch [7] Batch [160/1607] Loss: 0.0167 LR: 0.000050 Time: 295.3s
Epoch [7] Batch [170/1607] Loss: 0.0100 LR: 0.000050 Time: 313.9s
Epoch [7] Batch [180/1607] Loss: 0.0507 LR: 0.000050 Time: 332.1s
Epoch [7] Batch [190/1607] Loss: 0.0224 LR: 0.000050 Time: 350.4s
Epoch [7] Batch [200/1607] Loss: 0.0289 LR: 0.000050 Time: 368.6s
Epoch [7] Batch [210/1607] Loss: 0.0232 LR: 0.000050 Time: 386.8s
Epoch [7] Batch [220/1607] Loss: 0.0146 LR: 0.000050 Time: 405.2s
Epoch [7] Batch [230/1607] Loss: 0.0578 LR: 0.000050 Time: 423.6s
Epoch [7] Batch [240/1607] Loss: 0.0019 LR: 0.000050 Time: 441.8s
Epoch [7] Batch [250/1607] Loss: 0.0262 LR: 0.000050 Time: 460.1s
Epoch [7] Batch [260/1607] Loss: 0.0406 LR: 0.000050 Time: 478.3s
Epoch [7] Batch [270/1607] Loss: 0.0322 LR: 0.000050 Time: 496.5s
Epoch [7] Batch [280/1607] Loss: 0.0164 LR: 0.000050 Time: 514.8s
Epoch [7] Batch [290/1607] Loss: 0.0236 LR: 0.000050 Time: 533.0s
Epoch [7] Batch [300/1607] Loss: 0.0737 LR: 0.000050 Time: 551.2s
Epoch [7] Batch [310/1607] Loss: 0.0165 LR: 0.000050 Time: 569.6s
Epoch [7] Batch [320/1607] Loss: 0.0451 LR: 0.000050 Time: 587.9s
Epoch [7] Batch [330/1607] Loss: 0.0223 LR: 0.000050 Time: 606.1s
Epoch [7] Batch [340/1607] Loss: 0.0078 LR: 0.000050 Time: 624.3s
Epoch [7] Batch [350/1607] Loss: 0.0305 LR: 0.000050 Time: 642.5s
Epoch [7] Batch [360/1607] Loss: 0.0257 LR: 0.000050 Time: 660.8s
Epoch [7] Batch [370/1607] Loss: 0.0206 LR: 0.000050 Time: 679.0s
Epoch [7] Batch [380/1607] Loss: 0.0018 LR: 0.000050 Time: 697.3s
Epoch [7] Batch [390/1607] Loss: 0.0174 LR: 0.000050 Time: 715.6s
Epoch [7] Batch [400/1607] Loss: 0.0513 LR: 0.000050 Time: 733.8s
Epoch [7] Batch [410/1607] Loss: 0.0189 LR: 0.000050 Time: 752.1s
Epoch [7] Batch [420/1607] Loss: 0.0207 LR: 0.000050 Time: 770.4s
Epoch [7] Batch [430/1607] Loss: 0.0140 LR: 0.000050 Time: 788.7s
Epoch [7] Batch [440/1607] Loss: 0.0506 LR: 0.000050 Time: 807.0s
Epoch [7] Batch [450/1607] Loss: 0.0316 LR: 0.000050 Time: 825.4s
Epoch [7] Batch [460/1607] Loss: 0.0171 LR: 0.000050 Time: 843.7s
Epoch [7] Batch [470/1607] Loss: 0.0109 LR: 0.000050 Time: 862.1s
Epoch [7] Batch [480/1607] Loss: 0.0020 LR: 0.000050 Time: 880.4s
Epoch [7] Batch [490/1607] Loss: 0.0126 LR: 0.000050 Time: 898.7s
Epoch [7] Batch [500/1607] Loss: 0.0016 LR: 0.000050 Time: 917.0s
Epoch [7] Batch [510/1607] Loss: 0.0347 LR: 0.000050 Time: 935.2s
Epoch [7] Batch [520/1607] Loss: 0.0506 LR: 0.000050 Time: 953.6s
Epoch [7] Batch [530/1607] Loss: 0.0018 LR: 0.000050 Time: 971.9s
Epoch [7] Batch [540/1607] Loss: 0.0231 LR: 0.000050 Time: 990.2s
Epoch [7] Batch [550/1607] Loss: 0.0329 LR: 0.000050 Time: 1008.6s
Epoch [7] Batch [560/1607] Loss: 0.0155 LR: 0.000050 Time: 1026.9s
Epoch [7] Batch [570/1607] Loss: 0.0136 LR: 0.000050 Time: 1045.1s
Epoch [7] Batch [580/1607] Loss: 0.0295 LR: 0.000050 Time: 1063.4s
Epoch [7] Batch [590/1607] Loss: 0.0433 LR: 0.000050 Time: 1081.7s
Epoch [7] Batch [600/1607] Loss: 0.0105 LR: 0.000050 Time: 1099.9s
Epoch [7] Batch [610/1607] Loss: 0.0131 LR: 0.000050 Time: 1118.4s
Epoch [7] Batch [620/1607] Loss: 0.0222 LR: 0.000050 Time: 1137.0s
Epoch [7] Batch [630/1607] Loss: 0.0282 LR: 0.000050 Time: 1155.4s
Epoch [7] Batch [640/1607] Loss: 0.0278 LR: 0.000050 Time: 1173.7s
Epoch [7] Batch [650/1607] Loss: 0.0170 LR: 0.000050 Time: 1191.9s
Epoch [7] Batch [660/1607] Loss: 0.0241 LR: 0.000050 Time: 1210.2s
Epoch [7] Batch [670/1607] Loss: 0.0556 LR: 0.000050 Time: 1228.4s
Epoch [7] Batch [680/1607] Loss: 0.0255 LR: 0.000050 Time: 1246.6s
Epoch [7] Batch [690/1607] Loss: 0.0033 LR: 0.000050 Time: 1264.9s
Epoch [7] Batch [700/1607] Loss: 0.0088 LR: 0.000050 Time: 1283.1s
Epoch [7] Batch [710/1607] Loss: 0.0394 LR: 0.000050 Time: 1301.3s
Epoch [7] Batch [720/1607] Loss: 0.0030 LR: 0.000050 Time: 1319.5s
Epoch [7] Batch [730/1607] Loss: 0.0198 LR: 0.000050 Time: 1337.8s
Epoch [7] Batch [740/1607] Loss: 0.0111 LR: 0.000050 Time: 1356.0s
Epoch [7] Batch [750/1607] Loss: 0.0301 LR: 0.000050 Time: 1374.2s
Epoch [7] Batch [760/1607] Loss: 0.0135 LR: 0.000050 Time: 1392.5s
Epoch [7] Batch [770/1607] Loss: 0.0171 LR: 0.000050 Time: 1410.7s
Epoch [7] Batch [780/1607] Loss: 0.0456 LR: 0.000050 Time: 1429.0s
Epoch [7] Batch [790/1607] Loss: 0.0162 LR: 0.000050 Time: 1447.3s
Epoch [7] Batch [800/1607] Loss: 0.0338 LR: 0.000050 Time: 1465.8s
Epoch [7] Batch [810/1607] Loss: 0.0159 LR: 0.000050 Time: 1484.2s
Epoch [7] Batch [820/1607] Loss: 0.0337 LR: 0.000050 Time: 1502.7s
Epoch [7] Batch [830/1607] Loss: 0.0137 LR: 0.000050 Time: 1521.2s
Epoch [7] Batch [840/1607] Loss: 0.0400 LR: 0.000050 Time: 1539.4s
Epoch [7] Batch [850/1607] Loss: 0.0081 LR: 0.000050 Time: 1557.7s
Epoch [7] Batch [860/1607] Loss: 0.0254 LR: 0.000050 Time: 1575.9s
Epoch [7] Batch [870/1607] Loss: 0.0270 LR: 0.000050 Time: 1594.1s
Epoch [7] Batch [880/1607] Loss: 0.0020 LR: 0.000050 Time: 1612.3s
Epoch [7] Batch [890/1607] Loss: 0.0424 LR: 0.000050 Time: 1630.5s
Epoch [7] Batch [900/1607] Loss: 0.0198 LR: 0.000050 Time: 1648.8s
Epoch [7] Batch [910/1607] Loss: 0.0099 LR: 0.000050 Time: 1667.0s
Epoch [7] Batch [920/1607] Loss: 0.0403 LR: 0.000050 Time: 1685.2s
Epoch [7] Batch [930/1607] Loss: 0.0029 LR: 0.000050 Time: 1703.4s
Epoch [7] Batch [940/1607] Loss: 0.0038 LR: 0.000050 Time: 1721.6s
Epoch [7] Batch [950/1607] Loss: 0.0023 LR: 0.000050 Time: 1739.9s
Epoch [7] Batch [960/1607] Loss: 0.0093 LR: 0.000050 Time: 1758.1s
Epoch [7] Batch [970/1607] Loss: 0.0206 LR: 0.000050 Time: 1776.5s
Epoch [7] Batch [980/1607] Loss: 0.0017 LR: 0.000050 Time: 1794.8s
Epoch [7] Batch [990/1607] Loss: 0.0315 LR: 0.000050 Time: 1813.1s
Epoch [7] Batch [1000/1607] Loss: 0.0155 LR: 0.000050 Time: 1831.3s
Epoch [7] Batch [1010/1607] Loss: 0.0204 LR: 0.000050 Time: 1849.6s
Epoch [7] Batch [1020/1607] Loss: 0.0232 LR: 0.000050 Time: 1868.0s
Epoch [7] Batch [1030/1607] Loss: 0.0404 LR: 0.000050 Time: 1886.7s
Epoch [7] Batch [1040/1607] Loss: 0.0443 LR: 0.000050 Time: 1905.0s
Epoch [7] Batch [1050/1607] Loss: 0.0082 LR: 0.000050 Time: 1923.3s
Epoch [7] Batch [1060/1607] Loss: 0.0231 LR: 0.000050 Time: 1941.5s
Epoch [7] Batch [1070/1607] Loss: 0.0377 LR: 0.000050 Time: 1959.7s
Epoch [7] Batch [1080/1607] Loss: 0.0348 LR: 0.000050 Time: 1977.9s
Epoch [7] Batch [1090/1607] Loss: 0.0198 LR: 0.000050 Time: 1996.1s
Epoch [7] Batch [1100/1607] Loss: 0.0430 LR: 0.000050 Time: 2014.4s
Epoch [7] Batch [1110/1607] Loss: 0.0381 LR: 0.000050 Time: 2032.6s
Epoch [7] Batch [1120/1607] Loss: 0.0542 LR: 0.000050 Time: 2050.8s
Epoch [7] Batch [1130/1607] Loss: 0.0174 LR: 0.000050 Time: 2069.1s
Epoch [7] Batch [1140/1607] Loss: 0.0029 LR: 0.000050 Time: 2087.3s
Epoch [7] Batch [1150/1607] Loss: 0.0454 LR: 0.000050 Time: 2105.5s
Epoch [7] Batch [1160/1607] Loss: 0.0291 LR: 0.000050 Time: 2123.8s
Epoch [7] Batch [1170/1607] Loss: 0.0076 LR: 0.000050 Time: 2142.0s
Epoch [7] Batch [1180/1607] Loss: 0.0329 LR: 0.000050 Time: 2160.2s
Epoch [7] Batch [1190/1607] Loss: 0.0121 LR: 0.000050 Time: 2178.4s
Epoch [7] Batch [1200/1607] Loss: 0.0111 LR: 0.000050 Time: 2196.8s
Epoch [7] Batch [1210/1607] Loss: 0.0248 LR: 0.000050 Time: 2215.1s
Epoch [7] Batch [1220/1607] Loss: 0.0295 LR: 0.000050 Time: 2233.5s
Epoch [7] Batch [1230/1607] Loss: 0.0113 LR: 0.000050 Time: 2251.7s
Epoch [7] Batch [1240/1607] Loss: 0.0165 LR: 0.000050 Time: 2270.0s
Epoch [7] Batch [1250/1607] Loss: 0.0617 LR: 0.000050 Time: 2288.2s
Epoch [7] Batch [1260/1607] Loss: 0.0332 LR: 0.000050 Time: 2306.4s
Epoch [7] Batch [1270/1607] Loss: 0.0161 LR: 0.000050 Time: 2324.7s
Epoch [7] Batch [1280/1607] Loss: 0.0174 LR: 0.000050 Time: 2343.0s
Epoch [7] Batch [1290/1607] Loss: 0.0022 LR: 0.000050 Time: 2361.3s
Epoch [7] Batch [1300/1607] Loss: 0.0138 LR: 0.000050 Time: 2379.6s
Epoch [7] Batch [1310/1607] Loss: 0.0117 LR: 0.000050 Time: 2397.9s
Epoch [7] Batch [1320/1607] Loss: 0.0012 LR: 0.000050 Time: 2416.1s
Epoch [7] Batch [1330/1607] Loss: 0.0101 LR: 0.000050 Time: 2434.4s
Epoch [7] Batch [1340/1607] Loss: 0.0227 LR: 0.000050 Time: 2452.7s
Epoch [7] Batch [1350/1607] Loss: 0.0329 LR: 0.000050 Time: 2471.0s
Epoch [7] Batch [1360/1607] Loss: 0.0337 LR: 0.000050 Time: 2489.3s
Epoch [7] Batch [1370/1607] Loss: 0.0170 LR: 0.000050 Time: 2507.6s
Epoch [7] Batch [1380/1607] Loss: 0.0424 LR: 0.000050 Time: 2525.9s
Epoch [7] Batch [1390/1607] Loss: 0.0259 LR: 0.000050 Time: 2544.2s
Epoch [7] Batch [1400/1607] Loss: 0.0187 LR: 0.000050 Time: 2562.5s
Epoch [7] Batch [1410/1607] Loss: 0.0096 LR: 0.000050 Time: 2580.9s
Epoch [7] Batch [1420/1607] Loss: 0.0245 LR: 0.000050 Time: 2599.3s
Epoch [7] Batch [1430/1607] Loss: 0.0360 LR: 0.000050 Time: 2617.6s
Epoch [7] Batch [1440/1607] Loss: 0.0169 LR: 0.000050 Time: 2636.0s
Epoch [7] Batch [1450/1607] Loss: 0.0349 LR: 0.000050 Time: 2654.5s
Epoch [7] Batch [1460/1607] Loss: 0.0133 LR: 0.000050 Time: 2673.0s
Epoch [7] Batch [1470/1607] Loss: 0.0094 LR: 0.000050 Time: 2691.3s
Epoch [7] Batch [1480/1607] Loss: 0.0165 LR: 0.000050 Time: 2709.7s
Epoch [7] Batch [1490/1607] Loss: 0.0479 LR: 0.000050 Time: 2728.0s
Epoch [7] Batch [1500/1607] Loss: 0.0017 LR: 0.000050 Time: 2746.4s
Epoch [7] Batch [1510/1607] Loss: 0.0078 LR: 0.000050 Time: 2764.8s
Epoch [7] Batch [1520/1607] Loss: 0.0069 LR: 0.000050 Time: 2783.1s
Epoch [7] Batch [1530/1607] Loss: 0.0396 LR: 0.000050 Time: 2801.4s
Epoch [7] Batch [1540/1607] Loss: 0.0256 LR: 0.000050 Time: 2820.6s
Epoch [7] Batch [1550/1607] Loss: 0.0188 LR: 0.000050 Time: 2844.4s
Epoch [7] Batch [1560/1607] Loss: 0.0022 LR: 0.000050 Time: 2866.7s
Epoch [7] Batch [1570/1607] Loss: 0.0025 LR: 0.000050 Time: 2888.8s
Epoch [7] Batch [1580/1607] Loss: 0.0231 LR: 0.000050 Time: 2910.5s
Epoch [7] Batch [1590/1607] Loss: 0.0098 LR: 0.000050 Time: 2931.8s
Epoch [7] Batch [1600/1607] Loss: 0.0118 LR: 0.000050 Time: 2952.2s
[INFO] Saved checkpoint: output/checkpoint_epoch_7.pth

============================================================
EPOCH 9/10
============================================================
Epoch [8] Batch [0/1607] Loss: 0.0385 LR: 0.000050 Time: 1.9s
Epoch [8] Batch [10/1607] Loss: 0.0142 LR: 0.000050 Time: 23.0s
Epoch [8] Batch [20/1607] Loss: 0.0181 LR: 0.000050 Time: 43.0s
Epoch [8] Batch [30/1607] Loss: 0.0466 LR: 0.000050 Time: 62.7s
Epoch [8] Batch [40/1607] Loss: 0.0027 LR: 0.000050 Time: 83.2s
Epoch [8] Batch [50/1607] Loss: 0.0354 LR: 0.000050 Time: 101.5s
Epoch [8] Batch [60/1607] Loss: 0.0012 LR: 0.000050 Time: 119.8s
Epoch [8] Batch [70/1607] Loss: 0.0179 LR: 0.000050 Time: 138.1s
Epoch [8] Batch [80/1607] Loss: 0.0052 LR: 0.000050 Time: 156.5s
Epoch [8] Batch [90/1607] Loss: 0.0113 LR: 0.000050 Time: 175.7s
Epoch [8] Batch [100/1607] Loss: 0.0078 LR: 0.000050 Time: 194.0s
Epoch [8] Batch [110/1607] Loss: 0.0218 LR: 0.000050 Time: 212.2s
Epoch [8] Batch [120/1607] Loss: 0.0121 LR: 0.000050 Time: 230.5s
Epoch [8] Batch [130/1607] Loss: 0.0089 LR: 0.000050 Time: 248.8s
Epoch [8] Batch [140/1607] Loss: 0.0277 LR: 0.000050 Time: 267.0s
Epoch [8] Batch [150/1607] Loss: 0.0243 LR: 0.000050 Time: 285.5s
Epoch [8] Batch [160/1607] Loss: 0.0111 LR: 0.000050 Time: 303.8s
Epoch [8] Batch [170/1607] Loss: 0.0263 LR: 0.000050 Time: 322.0s
Epoch [8] Batch [180/1607] Loss: 0.0202 LR: 0.000050 Time: 340.3s
Epoch [8] Batch [190/1607] Loss: 0.0166 LR: 0.000050 Time: 358.6s
Epoch [8] Batch [200/1607] Loss: 0.0280 LR: 0.000050 Time: 376.9s
Epoch [8] Batch [210/1607] Loss: 0.0204 LR: 0.000050 Time: 395.2s
Epoch [8] Batch [220/1607] Loss: 0.0124 LR: 0.000050 Time: 413.5s
Epoch [8] Batch [230/1607] Loss: 0.0344 LR: 0.000050 Time: 431.8s
Epoch [8] Batch [240/1607] Loss: 0.0145 LR: 0.000050 Time: 450.1s
Epoch [8] Batch [250/1607] Loss: 0.0549 LR: 0.000050 Time: 468.4s
Epoch [8] Batch [260/1607] Loss: 0.0089 LR: 0.000050 Time: 486.7s
Epoch [8] Batch [270/1607] Loss: 0.0080 LR: 0.000050 Time: 505.1s
Epoch [8] Batch [280/1607] Loss: 0.0021 LR: 0.000050 Time: 523.4s
Epoch [8] Batch [290/1607] Loss: 0.0282 LR: 0.000050 Time: 541.7s
Epoch [8] Batch [300/1607] Loss: 0.0252 LR: 0.000050 Time: 560.0s
Epoch [8] Batch [310/1607] Loss: 0.0414 LR: 0.000050 Time: 578.3s
Epoch [8] Batch [320/1607] Loss: 0.0303 LR: 0.000050 Time: 596.6s
Epoch [8] Batch [330/1607] Loss: 0.0544 LR: 0.000050 Time: 614.9s
Epoch [8] Batch [340/1607] Loss: 0.0168 LR: 0.000050 Time: 633.2s
Epoch [8] Batch [350/1607] Loss: 0.0279 LR: 0.000050 Time: 651.5s
Epoch [8] Batch [360/1607] Loss: 0.0184 LR: 0.000050 Time: 669.8s
Epoch [8] Batch [370/1607] Loss: 0.0220 LR: 0.000050 Time: 688.1s
Epoch [8] Batch [380/1607] Loss: 0.0244 LR: 0.000050 Time: 706.4s
Epoch [8] Batch [390/1607] Loss: 0.0210 LR: 0.000050 Time: 724.7s
Epoch [8] Batch [400/1607] Loss: 0.0389 LR: 0.000050 Time: 743.1s
Epoch [8] Batch [410/1607] Loss: 0.0108 LR: 0.000050 Time: 761.3s
Epoch [8] Batch [420/1607] Loss: 0.0225 LR: 0.000050 Time: 779.6s
Epoch [8] Batch [430/1607] Loss: 0.0326 LR: 0.000050 Time: 797.9s
Epoch [8] Batch [440/1607] Loss: 0.0267 LR: 0.000050 Time: 816.2s
Epoch [8] Batch [450/1607] Loss: 0.0218 LR: 0.000050 Time: 834.6s
Epoch [8] Batch [460/1607] Loss: 0.0389 LR: 0.000050 Time: 852.9s
Epoch [8] Batch [470/1607] Loss: 0.0029 LR: 0.000050 Time: 871.4s
Epoch [8] Batch [480/1607] Loss: 0.0229 LR: 0.000050 Time: 889.9s
Epoch [8] Batch [490/1607] Loss: 0.0432 LR: 0.000050 Time: 908.3s
Epoch [8] Batch [500/1607] Loss: 0.0186 LR: 0.000050 Time: 926.8s
Epoch [8] Batch [510/1607] Loss: 0.0281 LR: 0.000050 Time: 945.3s
Epoch [8] Batch [520/1607] Loss: 0.0153 LR: 0.000050 Time: 963.8s
Epoch [8] Batch [530/1607] Loss: 0.0024 LR: 0.000050 Time: 982.1s
Epoch [8] Batch [540/1607] Loss: 0.0400 LR: 0.000050 Time: 1000.4s
Epoch [8] Batch [550/1607] Loss: 0.0181 LR: 0.000050 Time: 1018.7s
Epoch [8] Batch [560/1607] Loss: 0.0022 LR: 0.000050 Time: 1041.7s
Epoch [8] Batch [570/1607] Loss: 0.0020 LR: 0.000050 Time: 1064.5s
Epoch [8] Batch [580/1607] Loss: 0.0127 LR: 0.000050 Time: 1086.3s
Epoch [8] Batch [590/1607] Loss: 0.0114 LR: 0.000050 Time: 1108.5s
Epoch [8] Batch [600/1607] Loss: 0.0016 LR: 0.000050 Time: 1129.0s
Epoch [8] Batch [610/1607] Loss: 0.0021 LR: 0.000050 Time: 1150.4s
Epoch [8] Batch [620/1607] Loss: 0.0465 LR: 0.000050 Time: 1171.0s
Epoch [8] Batch [630/1607] Loss: 0.0100 LR: 0.000050 Time: 1191.4s
Epoch [8] Batch [640/1607] Loss: 0.0025 LR: 0.000050 Time: 1211.8s
Epoch [8] Batch [650/1607] Loss: 0.0334 LR: 0.000050 Time: 1231.8s
Epoch [8] Batch [660/1607] Loss: 0.0594 LR: 0.000050 Time: 1252.6s
Epoch [8] Batch [670/1607] Loss: 0.0142 LR: 0.000050 Time: 1270.9s
Epoch [8] Batch [680/1607] Loss: 0.0016 LR: 0.000050 Time: 1289.2s
Epoch [8] Batch [690/1607] Loss: 0.0223 LR: 0.000050 Time: 1307.4s
Epoch [8] Batch [700/1607] Loss: 0.0183 LR: 0.000050 Time: 1325.7s
Epoch [8] Batch [710/1607] Loss: 0.0144 LR: 0.000050 Time: 1344.0s
Epoch [8] Batch [720/1607] Loss: 0.0021 LR: 0.000050 Time: 1362.3s
Epoch [8] Batch [730/1607] Loss: 0.0073 LR: 0.000050 Time: 1380.6s
Epoch [8] Batch [740/1607] Loss: 0.0322 LR: 0.000050 Time: 1398.9s
Epoch [8] Batch [750/1607] Loss: 0.0217 LR: 0.000050 Time: 1417.6s
Epoch [8] Batch [760/1607] Loss: 0.0025 LR: 0.000050 Time: 1436.1s
Epoch [8] Batch [770/1607] Loss: 0.0103 LR: 0.000050 Time: 1454.6s
Epoch [8] Batch [780/1607] Loss: 0.0020 LR: 0.000050 Time: 1472.8s
Epoch [8] Batch [790/1607] Loss: 0.0014 LR: 0.000050 Time: 1491.0s
Epoch [8] Batch [800/1607] Loss: 0.0031 LR: 0.000050 Time: 1509.4s
Epoch [8] Batch [810/1607] Loss: 0.0216 LR: 0.000050 Time: 1527.9s
Epoch [8] Batch [820/1607] Loss: 0.0051 LR: 0.000050 Time: 1546.5s
Epoch [8] Batch [830/1607] Loss: 0.0018 LR: 0.000050 Time: 1564.7s
Epoch [8] Batch [840/1607] Loss: 0.0010 LR: 0.000050 Time: 1582.9s
Epoch [8] Batch [850/1607] Loss: 0.0239 LR: 0.000050 Time: 1601.1s
Epoch [8] Batch [860/1607] Loss: 0.0100 LR: 0.000050 Time: 1619.3s
Epoch [8] Batch [870/1607] Loss: 0.0086 LR: 0.000050 Time: 1637.6s
Epoch [8] Batch [880/1607] Loss: 0.0211 LR: 0.000050 Time: 1655.8s
Epoch [8] Batch [890/1607] Loss: 0.0712 LR: 0.000050 Time: 1674.0s
Epoch [8] Batch [900/1607] Loss: 0.0283 LR: 0.000050 Time: 1692.2s
Epoch [8] Batch [910/1607] Loss: 0.0478 LR: 0.000050 Time: 1710.4s
Epoch [8] Batch [920/1607] Loss: 0.0110 LR: 0.000050 Time: 1728.6s
Epoch [8] Batch [930/1607] Loss: 0.0212 LR: 0.000050 Time: 1746.8s
Epoch [8] Batch [940/1607] Loss: 0.0194 LR: 0.000050 Time: 1765.1s
Epoch [8] Batch [950/1607] Loss: 0.0229 LR: 0.000050 Time: 1783.4s
Epoch [8] Batch [960/1607] Loss: 0.0025 LR: 0.000050 Time: 1801.6s
Epoch [8] Batch [970/1607] Loss: 0.0203 LR: 0.000050 Time: 1820.1s
Epoch [8] Batch [980/1607] Loss: 0.0266 LR: 0.000050 Time: 1838.7s
Epoch [8] Batch [990/1607] Loss: 0.0013 LR: 0.000050 Time: 1857.1s
Epoch [8] Batch [1000/1607] Loss: 0.0283 LR: 0.000050 Time: 1875.3s
Epoch [8] Batch [1010/1607] Loss: 0.0368 LR: 0.000050 Time: 1893.6s
Epoch [8] Batch [1020/1607] Loss: 0.0029 LR: 0.000050 Time: 1911.8s
Epoch [8] Batch [1030/1607] Loss: 0.0379 LR: 0.000050 Time: 1930.0s
Epoch [8] Batch [1040/1607] Loss: 0.0148 LR: 0.000050 Time: 1948.3s
Epoch [8] Batch [1050/1607] Loss: 0.0440 LR: 0.000050 Time: 1966.5s
Epoch [8] Batch [1060/1607] Loss: 0.0174 LR: 0.000050 Time: 1984.7s
Epoch [8] Batch [1070/1607] Loss: 0.0227 LR: 0.000050 Time: 2002.9s
Epoch [8] Batch [1080/1607] Loss: 0.0091 LR: 0.000050 Time: 2021.1s
Epoch [8] Batch [1090/1607] Loss: 0.0516 LR: 0.000050 Time: 2039.4s
Epoch [8] Batch [1100/1607] Loss: 0.0310 LR: 0.000050 Time: 2057.6s
Epoch [8] Batch [1110/1607] Loss: 0.0034 LR: 0.000050 Time: 2075.8s
Epoch [8] Batch [1120/1607] Loss: 0.0107 LR: 0.000050 Time: 2094.0s
Epoch [8] Batch [1130/1607] Loss: 0.0260 LR: 0.000050 Time: 2112.3s
Epoch [8] Batch [1140/1607] Loss: 0.0317 LR: 0.000050 Time: 2130.5s
Epoch [8] Batch [1150/1607] Loss: 0.0281 LR: 0.000050 Time: 2148.9s
Epoch [8] Batch [1160/1607] Loss: 0.0119 LR: 0.000050 Time: 2167.2s
Epoch [8] Batch [1170/1607] Loss: 0.0102 LR: 0.000050 Time: 2185.5s
Epoch [8] Batch [1180/1607] Loss: 0.0144 LR: 0.000050 Time: 2203.7s
Epoch [8] Batch [1190/1607] Loss: 0.0020 LR: 0.000050 Time: 2222.7s
Epoch [8] Batch [1200/1607] Loss: 0.0477 LR: 0.000050 Time: 2241.3s
Epoch [8] Batch [1210/1607] Loss: 0.0105 LR: 0.000050 Time: 2259.5s
Epoch [8] Batch [1220/1607] Loss: 0.0101 LR: 0.000050 Time: 2277.8s
Epoch [8] Batch [1230/1607] Loss: 0.0143 LR: 0.000050 Time: 2296.0s
Epoch [8] Batch [1240/1607] Loss: 0.0083 LR: 0.000050 Time: 2314.3s
Epoch [8] Batch [1250/1607] Loss: 0.0260 LR: 0.000050 Time: 2332.5s
Epoch [8] Batch [1260/1607] Loss: 0.0206 LR: 0.000050 Time: 2350.7s
Epoch [8] Batch [1270/1607] Loss: 0.0196 LR: 0.000050 Time: 2368.9s
Epoch [8] Batch [1280/1607] Loss: 0.0075 LR: 0.000050 Time: 2387.2s
Epoch [8] Batch [1290/1607] Loss: 0.0189 LR: 0.000050 Time: 2405.4s
Epoch [8] Batch [1300/1607] Loss: 0.0060 LR: 0.000050 Time: 2423.6s
Epoch [8] Batch [1310/1607] Loss: 0.0023 LR: 0.000050 Time: 2441.8s
Epoch [8] Batch [1320/1607] Loss: 0.0254 LR: 0.000050 Time: 2460.1s
Epoch [8] Batch [1330/1607] Loss: 0.0122 LR: 0.000050 Time: 2478.3s
Epoch [8] Batch [1340/1607] Loss: 0.0022 LR: 0.000050 Time: 2496.6s
Epoch [8] Batch [1350/1607] Loss: 0.0013 LR: 0.000050 Time: 2514.8s
Epoch [8] Batch [1360/1607] Loss: 0.0500 LR: 0.000050 Time: 2533.1s
Epoch [8] Batch [1370/1607] Loss: 0.0189 LR: 0.000050 Time: 2551.4s
Epoch [8] Batch [1380/1607] Loss: 0.0156 LR: 0.000050 Time: 2569.7s
Epoch [8] Batch [1390/1607] Loss: 0.0904 LR: 0.000050 Time: 2588.0s
Epoch [8] Batch [1400/1607] Loss: 0.0128 LR: 0.000050 Time: 2606.3s
Epoch [8] Batch [1410/1607] Loss: 0.0022 LR: 0.000050 Time: 2625.0s
Epoch [8] Batch [1420/1607] Loss: 0.0154 LR: 0.000050 Time: 2643.5s
Epoch [8] Batch [1430/1607] Loss: 0.0430 LR: 0.000050 Time: 2661.9s
Epoch [8] Batch [1440/1607] Loss: 0.0457 LR: 0.000050 Time: 2680.1s
Epoch [8] Batch [1450/1607] Loss: 0.0121 LR: 0.000050 Time: 2698.4s
Epoch [8] Batch [1460/1607] Loss: 0.0480 LR: 0.000050 Time: 2716.6s
Epoch [8] Batch [1470/1607] Loss: 0.0177 LR: 0.000050 Time: 2734.9s
Epoch [8] Batch [1480/1607] Loss: 0.0104 LR: 0.000050 Time: 2753.1s
Epoch [8] Batch [1490/1607] Loss: 0.0360 LR: 0.000050 Time: 2771.3s
Epoch [8] Batch [1500/1607] Loss: 0.0169 LR: 0.000050 Time: 2789.5s
Epoch [8] Batch [1510/1607] Loss: 0.0084 LR: 0.000050 Time: 2807.8s
Epoch [8] Batch [1520/1607] Loss: 0.0153 LR: 0.000050 Time: 2826.0s
Epoch [8] Batch [1530/1607] Loss: 0.0041 LR: 0.000050 Time: 2844.2s
Epoch [8] Batch [1540/1607] Loss: 0.0120 LR: 0.000050 Time: 2862.4s
Epoch [8] Batch [1550/1607] Loss: 0.0459 LR: 0.000050 Time: 2880.7s
Epoch [8] Batch [1560/1607] Loss: 0.0169 LR: 0.000050 Time: 2899.0s
Epoch [8] Batch [1570/1607] Loss: 0.0388 LR: 0.000050 Time: 2917.3s
Epoch [8] Batch [1580/1607] Loss: 0.0276 LR: 0.000050 Time: 2935.8s
Epoch [8] Batch [1590/1607] Loss: 0.0281 LR: 0.000050 Time: 2954.1s
Epoch [8] Batch [1600/1607] Loss: 0.0395 LR: 0.000050 Time: 2972.4s
[INFO] Saved checkpoint: output/checkpoint_epoch_8.pth
[INFO] Saved best checkpoint: output/checkpoint_best.pth

============================================================
EPOCH 10/10
============================================================
Epoch [9] Batch [0/1607] Loss: 0.0467 LR: 0.000005 Time: 2.0s
Epoch [9] Batch [10/1607] Loss: 0.0628 LR: 0.000005 Time: 20.3s
Epoch [9] Batch [20/1607] Loss: 0.0433 LR: 0.000005 Time: 38.5s
Epoch [9] Batch [30/1607] Loss: 0.0255 LR: 0.000005 Time: 57.1s
Epoch [9] Batch [40/1607] Loss: 0.0204 LR: 0.000005 Time: 76.5s
Epoch [9] Batch [50/1607] Loss: 0.0371 LR: 0.000005 Time: 95.7s
Epoch [9] Batch [60/1607] Loss: 0.0186 LR: 0.000005 Time: 114.2s
Epoch [9] Batch [70/1607] Loss: 0.0140 LR: 0.000005 Time: 132.4s
Epoch [9] Batch [80/1607] Loss: 0.0102 LR: 0.000005 Time: 150.7s
Epoch [9] Batch [90/1607] Loss: 0.0230 LR: 0.000005 Time: 168.9s
Epoch [9] Batch [100/1607] Loss: 0.0104 LR: 0.000005 Time: 187.2s
Epoch [9] Batch [110/1607] Loss: 0.0181 LR: 0.000005 Time: 205.5s
Epoch [9] Batch [120/1607] Loss: 0.0181 LR: 0.000005 Time: 223.8s
Epoch [9] Batch [130/1607] Loss: 0.0019 LR: 0.000005 Time: 242.0s
Epoch [9] Batch [140/1607] Loss: 0.0372 LR: 0.000005 Time: 260.3s
Epoch [9] Batch [150/1607] Loss: 0.0185 LR: 0.000005 Time: 278.6s
Epoch [9] Batch [160/1607] Loss: 0.0028 LR: 0.000005 Time: 296.8s
Epoch [9] Batch [170/1607] Loss: 0.0180 LR: 0.000005 Time: 315.1s
Epoch [9] Batch [180/1607] Loss: 0.0379 LR: 0.000005 Time: 333.4s
Epoch [9] Batch [190/1607] Loss: 0.0083 LR: 0.000005 Time: 351.8s
Epoch [9] Batch [200/1607] Loss: 0.0023 LR: 0.000005 Time: 370.1s
Epoch [9] Batch [210/1607] Loss: 0.0176 LR: 0.000005 Time: 388.5s
Epoch [9] Batch [220/1607] Loss: 0.0162 LR: 0.000005 Time: 406.8s
Epoch [9] Batch [230/1607] Loss: 0.0029 LR: 0.000005 Time: 425.2s
Epoch [9] Batch [240/1607] Loss: 0.0087 LR: 0.000005 Time: 443.6s
Epoch [9] Batch [250/1607] Loss: 0.0215 LR: 0.000005 Time: 461.9s
Epoch [9] Batch [260/1607] Loss: 0.0130 LR: 0.000005 Time: 480.2s
Epoch [9] Batch [270/1607] Loss: 0.0079 LR: 0.000005 Time: 498.7s
Epoch [9] Batch [280/1607] Loss: 0.0199 LR: 0.000005 Time: 517.0s
Epoch [9] Batch [290/1607] Loss: 0.0118 LR: 0.000005 Time: 535.5s
Epoch [9] Batch [300/1607] Loss: 0.0205 LR: 0.000005 Time: 553.8s
Epoch [9] Batch [310/1607] Loss: 0.0141 LR: 0.000005 Time: 572.2s
Epoch [9] Batch [320/1607] Loss: 0.0092 LR: 0.000005 Time: 590.6s
Epoch [9] Batch [330/1607] Loss: 0.0029 LR: 0.000005 Time: 609.0s
Epoch [9] Batch [340/1607] Loss: 0.0186 LR: 0.000005 Time: 627.4s
Epoch [9] Batch [350/1607] Loss: 0.0077 LR: 0.000005 Time: 645.8s
Epoch [9] Batch [360/1607] Loss: 0.0276 LR: 0.000005 Time: 664.1s
Epoch [9] Batch [370/1607] Loss: 0.0519 LR: 0.000005 Time: 682.3s
Epoch [9] Batch [380/1607] Loss: 0.0245 LR: 0.000005 Time: 700.6s
Epoch [9] Batch [390/1607] Loss: 0.0156 LR: 0.000005 Time: 718.8s
Epoch [9] Batch [400/1607] Loss: 0.0359 LR: 0.000005 Time: 737.0s
Epoch [9] Batch [410/1607] Loss: 0.0278 LR: 0.000005 Time: 755.3s
Epoch [9] Batch [420/1607] Loss: 0.0213 LR: 0.000005 Time: 773.5s
Epoch [9] Batch [430/1607] Loss: 0.0234 LR: 0.000005 Time: 791.8s
Epoch [9] Batch [440/1607] Loss: 0.0125 LR: 0.000005 Time: 810.0s
Epoch [9] Batch [450/1607] Loss: 0.0688 LR: 0.000005 Time: 828.6s
Epoch [9] Batch [460/1607] Loss: 0.0326 LR: 0.000005 Time: 847.1s
Epoch [9] Batch [470/1607] Loss: 0.0086 LR: 0.000005 Time: 865.5s
Epoch [9] Batch [480/1607] Loss: 0.0174 LR: 0.000005 Time: 884.0s
Epoch [9] Batch [490/1607] Loss: 0.0320 LR: 0.000005 Time: 902.4s
Epoch [9] Batch [500/1607] Loss: 0.0090 LR: 0.000005 Time: 920.7s
Epoch [9] Batch [510/1607] Loss: 0.0163 LR: 0.000005 Time: 939.0s
Epoch [9] Batch [520/1607] Loss: 0.0223 LR: 0.000005 Time: 957.3s
Epoch [9] Batch [530/1607] Loss: 0.0431 LR: 0.000005 Time: 975.6s
Epoch [9] Batch [540/1607] Loss: 0.0333 LR: 0.000005 Time: 993.9s
Epoch [9] Batch [550/1607] Loss: 0.0085 LR: 0.000005 Time: 1012.2s
Epoch [9] Batch [560/1607] Loss: 0.0019 LR: 0.000005 Time: 1030.4s
Epoch [9] Batch [570/1607] Loss: 0.0562 LR: 0.000005 Time: 1048.7s
Epoch [9] Batch [580/1607] Loss: 0.0128 LR: 0.000005 Time: 1067.0s
Epoch [9] Batch [590/1607] Loss: 0.0121 LR: 0.000005 Time: 1085.3s
Epoch [9] Batch [600/1607] Loss: 0.0122 LR: 0.000005 Time: 1103.9s
Epoch [9] Batch [610/1607] Loss: 0.0203 LR: 0.000005 Time: 1122.3s
Epoch [9] Batch [620/1607] Loss: 0.0115 LR: 0.000005 Time: 1140.8s
Epoch [9] Batch [630/1607] Loss: 0.0201 LR: 0.000005 Time: 1159.2s
Epoch [9] Batch [640/1607] Loss: 0.0138 LR: 0.000005 Time: 1177.6s
Epoch [9] Batch [650/1607] Loss: 0.0723 LR: 0.000005 Time: 1195.9s
Epoch [9] Batch [660/1607] Loss: 0.0177 LR: 0.000005 Time: 1214.2s
Epoch [9] Batch [670/1607] Loss: 0.0082 LR: 0.000005 Time: 1232.4s
Epoch [9] Batch [680/1607] Loss: 0.0205 LR: 0.000005 Time: 1250.7s
Epoch [9] Batch [690/1607] Loss: 0.0019 LR: 0.000005 Time: 1269.0s
Epoch [9] Batch [700/1607] Loss: 0.0274 LR: 0.000005 Time: 1287.3s
Epoch [9] Batch [710/1607] Loss: 0.0477 LR: 0.000005 Time: 1305.6s
Epoch [9] Batch [720/1607] Loss: 0.0404 LR: 0.000005 Time: 1324.0s
Epoch [9] Batch [730/1607] Loss: 0.0228 LR: 0.000005 Time: 1342.3s
Epoch [9] Batch [740/1607] Loss: 0.0247 LR: 0.000005 Time: 1360.8s
Epoch [9] Batch [750/1607] Loss: 0.0013 LR: 0.000005 Time: 1379.3s
Epoch [9] Batch [760/1607] Loss: 0.0456 LR: 0.000005 Time: 1397.9s
Epoch [9] Batch [770/1607] Loss: 0.0089 LR: 0.000005 Time: 1416.4s
Epoch [9] Batch [780/1607] Loss: 0.0452 LR: 0.000005 Time: 1434.8s
Epoch [9] Batch [790/1607] Loss: 0.0183 LR: 0.000005 Time: 1453.1s
Epoch [9] Batch [800/1607] Loss: 0.0105 LR: 0.000005 Time: 1471.3s
Epoch [9] Batch [810/1607] Loss: 0.0212 LR: 0.000005 Time: 1489.6s
Epoch [9] Batch [820/1607] Loss: 0.0223 LR: 0.000005 Time: 1507.8s
Epoch [9] Batch [830/1607] Loss: 0.0145 LR: 0.000005 Time: 1526.1s
Epoch [9] Batch [840/1607] Loss: 0.0571 LR: 0.000005 Time: 1544.6s
Epoch [9] Batch [850/1607] Loss: 0.0097 LR: 0.000005 Time: 1562.9s
Epoch [9] Batch [860/1607] Loss: 0.0105 LR: 0.000005 Time: 1581.1s
Epoch [9] Batch [870/1607] Loss: 0.0173 LR: 0.000005 Time: 1599.4s
Epoch [9] Batch [880/1607] Loss: 0.0127 LR: 0.000005 Time: 1617.6s
Epoch [9] Batch [890/1607] Loss: 0.0178 LR: 0.000005 Time: 1636.2s
Epoch [9] Batch [900/1607] Loss: 0.0219 LR: 0.000005 Time: 1654.5s
Epoch [9] Batch [910/1607] Loss: 0.0330 LR: 0.000005 Time: 1673.0s
Epoch [9] Batch [920/1607] Loss: 0.0082 LR: 0.000005 Time: 1691.4s
Epoch [9] Batch [930/1607] Loss: 0.0146 LR: 0.000005 Time: 1709.9s
Epoch [9] Batch [940/1607] Loss: 0.0172 LR: 0.000005 Time: 1728.5s
Epoch [9] Batch [950/1607] Loss: 0.0296 LR: 0.000005 Time: 1747.0s
Epoch [9] Batch [960/1607] Loss: 0.0363 LR: 0.000005 Time: 1765.6s
Epoch [9] Batch [970/1607] Loss: 0.0138 LR: 0.000005 Time: 1784.2s
Epoch [9] Batch [980/1607] Loss: 0.0151 LR: 0.000005 Time: 1802.8s
Epoch [9] Batch [990/1607] Loss: 0.0162 LR: 0.000005 Time: 1821.4s
Epoch [9] Batch [1000/1607] Loss: 0.0337 LR: 0.000005 Time: 1840.0s
Epoch [9] Batch [1010/1607] Loss: 0.0539 LR: 0.000005 Time: 1858.6s
Epoch [9] Batch [1020/1607] Loss: 0.0180 LR: 0.000005 Time: 1877.1s
Epoch [9] Batch [1030/1607] Loss: 0.0227 LR: 0.000005 Time: 1895.7s
Epoch [9] Batch [1040/1607] Loss: 0.0078 LR: 0.000005 Time: 1914.3s
Epoch [9] Batch [1050/1607] Loss: 0.0139 LR: 0.000005 Time: 1933.0s
Epoch [9] Batch [1060/1607] Loss: 0.0249 LR: 0.000005 Time: 1951.6s
Epoch [9] Batch [1070/1607] Loss: 0.0158 LR: 0.000005 Time: 1970.3s
Epoch [9] Batch [1080/1607] Loss: 0.0491 LR: 0.000005 Time: 1988.9s
Epoch [9] Batch [1090/1607] Loss: 0.0742 LR: 0.000005 Time: 2007.5s
Epoch [9] Batch [1100/1607] Loss: 0.0130 LR: 0.000005 Time: 2026.2s
Epoch [9] Batch [1110/1607] Loss: 0.0255 LR: 0.000005 Time: 2044.8s
Epoch [9] Batch [1120/1607] Loss: 0.0177 LR: 0.000005 Time: 2063.3s
Epoch [9] Batch [1130/1607] Loss: 0.0092 LR: 0.000005 Time: 2081.8s
Epoch [9] Batch [1140/1607] Loss: 0.0209 LR: 0.000005 Time: 2100.4s
Epoch [9] Batch [1150/1607] Loss: 0.0205 LR: 0.000005 Time: 2118.9s
Epoch [9] Batch [1160/1607] Loss: 0.0474 LR: 0.000005 Time: 2137.4s
Epoch [9] Batch [1170/1607] Loss: 0.0102 LR: 0.000005 Time: 2156.0s
Epoch [9] Batch [1180/1607] Loss: 0.0347 LR: 0.000005 Time: 2174.5s
Epoch [9] Batch [1190/1607] Loss: 0.0178 LR: 0.000005 Time: 2193.1s
Epoch [9] Batch [1200/1607] Loss: 0.0110 LR: 0.000005 Time: 2211.6s
Epoch [9] Batch [1210/1607] Loss: 0.0335 LR: 0.000005 Time: 2230.1s
Epoch [9] Batch [1220/1607] Loss: 0.0013 LR: 0.000005 Time: 2248.6s
Epoch [9] Batch [1230/1607] Loss: 0.0321 LR: 0.000005 Time: 2267.2s
Epoch [9] Batch [1240/1607] Loss: 0.0013 LR: 0.000005 Time: 2285.7s
Epoch [9] Batch [1250/1607] Loss: 0.0100 LR: 0.000005 Time: 2304.2s
Epoch [9] Batch [1260/1607] Loss: 0.0099 LR: 0.000005 Time: 2322.6s
Epoch [9] Batch [1270/1607] Loss: 0.0296 LR: 0.000005 Time: 2341.1s
Epoch [9] Batch [1280/1607] Loss: 0.0389 LR: 0.000005 Time: 2359.6s
Epoch [9] Batch [1290/1607] Loss: 0.0267 LR: 0.000005 Time: 2378.0s
Epoch [9] Batch [1300/1607] Loss: 0.0182 LR: 0.000005 Time: 2396.5s
Epoch [9] Batch [1310/1607] Loss: 0.0472 LR: 0.000005 Time: 2415.1s
Epoch [9] Batch [1320/1607] Loss: 0.0082 LR: 0.000005 Time: 2433.5s
Epoch [9] Batch [1330/1607] Loss: 0.0195 LR: 0.000005 Time: 2452.0s
Epoch [9] Batch [1340/1607] Loss: 0.0567 LR: 0.000005 Time: 2470.5s
Epoch [9] Batch [1350/1607] Loss: 0.0498 LR: 0.000005 Time: 2488.9s
Epoch [9] Batch [1360/1607] Loss: 0.0221 LR: 0.000005 Time: 2507.4s
Epoch [9] Batch [1370/1607] Loss: 0.0126 LR: 0.000005 Time: 2525.9s
Epoch [9] Batch [1380/1607] Loss: 0.0092 LR: 0.000005 Time: 2544.3s
Epoch [9] Batch [1390/1607] Loss: 0.0072 LR: 0.000005 Time: 2562.8s
Epoch [9] Batch [1400/1607] Loss: 0.0296 LR: 0.000005 Time: 2581.3s
Epoch [9] Batch [1410/1607] Loss: 0.0101 LR: 0.000005 Time: 2599.7s
Epoch [9] Batch [1420/1607] Loss: 0.0027 LR: 0.000005 Time: 2618.1s
Epoch [9] Batch [1430/1607] Loss: 0.0317 LR: 0.000005 Time: 2636.6s
Epoch [9] Batch [1440/1607] Loss: 0.0109 LR: 0.000005 Time: 2655.0s
Epoch [9] Batch [1450/1607] Loss: 0.0385 LR: 0.000005 Time: 2673.5s
Epoch [9] Batch [1460/1607] Loss: 0.0024 LR: 0.000005 Time: 2691.9s
Epoch [9] Batch [1470/1607] Loss: 0.0145 LR: 0.000005 Time: 2710.3s
Epoch [9] Batch [1480/1607] Loss: 0.0066 LR: 0.000005 Time: 2728.7s
Epoch [9] Batch [1490/1607] Loss: 0.0145 LR: 0.000005 Time: 2747.2s
Epoch [9] Batch [1500/1607] Loss: 0.0147 LR: 0.000005 Time: 2766.8s
Epoch [9] Batch [1510/1607] Loss: 0.0085 LR: 0.000005 Time: 2785.1s
Epoch [9] Batch [1520/1607] Loss: 0.0462 LR: 0.000005 Time: 2803.5s
Epoch [9] Batch [1530/1607] Loss: 0.0279 LR: 0.000005 Time: 2821.9s
Epoch [9] Batch [1540/1607] Loss: 0.0085 LR: 0.000005 Time: 2840.3s
Epoch [9] Batch [1550/1607] Loss: 0.0020 LR: 0.000005 Time: 2858.7s
Epoch [9] Batch [1560/1607] Loss: 0.0303 LR: 0.000005 Time: 2877.1s
Epoch [9] Batch [1570/1607] Loss: 0.0490 LR: 0.000005 Time: 2895.4s
Epoch [9] Batch [1580/1607] Loss: 0.0194 LR: 0.000005 Time: 2913.9s
Epoch [9] Batch [1590/1607] Loss: 0.0207 LR: 0.000005 Time: 2932.3s
Epoch [9] Batch [1600/1607] Loss: 0.0064 LR: 0.000005 Time: 2950.6s
[INFO] Saved checkpoint: output/checkpoint_epoch_9.pth
[INFO] Saved best checkpoint: output/checkpoint_best.pth
Validation batch [0/1791]
Validation batch [50/1791]
Validation batch [100/1791]
Validation batch [150/1791]
Validation batch [200/1791]
Validation batch [250/1791]
Validation batch [300/1791]
Validation batch [350/1791]
Validation batch [400/1791]
Validation batch [450/1791]
Validation batch [500/1791]
Validation batch [550/1791]
Validation batch [600/1791]
Validation batch [650/1791]
Validation batch [700/1791]
Validation batch [750/1791]
Validation batch [800/1791]
Validation batch [850/1791]
Validation batch [900/1791]
Validation batch [950/1791]
Validation batch [1000/1791]
Validation batch [1050/1791]
Validation batch [1100/1791]
Validation batch [1150/1791]
Validation batch [1200/1791]
Validation batch [1250/1791]
Validation batch [1300/1791]
Validation batch [1350/1791]
Validation batch [1400/1791]
Validation batch [1450/1791]
Validation batch [1500/1791]
Validation batch [1550/1791]
Validation batch [1600/1791]
Validation batch [1650/1791]
Validation batch [1700/1791]
Validation batch [1750/1791]
Validation: 57312 images, 0 high-conf detections, avg 0.00 per image

[INFO] Training complete!
[INFO] Best loss: 0.0226
[INFO] Checkpoints saved to: output
[INFO] TensorBoard logs: tensorboard --logdir output/runs
Job finished at: Tue Jan 27 19:34:46 CET 2026
